Fecha,RIN_Millones_USD_diff12,RIN_Millones_USD_diff1,RIN_Millones_USD_vol12,RIN_Millones_USD_momentum,Tipo_Cambio_PEN_yoy,Tipo_Cambio_PEN_mom,Tipo_Cambio_PEN_vol12,Tipo_Cambio_PEN_momentum,IPC_Indice_yoy,IPC_Indice_mom,IPC_Indice_vol12,IPC_Indice_momentum,PBI_Mensual_Indice_yoy,PBI_Mensual_Indice_mom,PBI_Mensual_Indice_vol12,PBI_Mensual_Indice_momentum,Exportaciones_MM_yoy,Exportaciones_MM_mom,Exportaciones_MM_vol12,Exportaciones_MM_momentum,M2_Soles_MM_yoy,M2_Soles_MM_mom,M2_Soles_MM_vol12,M2_Soles_MM_momentum,Cobertura_RIN_M2,Ratio_Exp_RIN,TC_desviacion_2y,TC_aceleracion,TC_volatilidad_6m,Brecha_MonetariaInflacion,PBI_gap
2006-01-01,1014.0,42.0,4.8391959319119255,1.0902528675227763,3.8272021935006784,-0.9050138430614085,0.9082840882366411,-0.1944897174455828,398.8630220578972,19.174382527785163,239.09066435181154,-0.08082075927418797,7.101701644300773,-6.430525543412202,4.487464538525367,0.7714802295267447,13.172303258337914,-28.97279979557569,14.832779790550488,0.6470741946457212,28.605097239315636,0.16435134722925238,1.9611738645253265,1.6021123884676016,0.7748883137281405,0.10117823355742414,-0.1944897174455828,-0.02333131900820673,1.1916259822211595,-370.25792481858156,0.7714802295267447
2006-02-01,661.0,-150.0,4.857733499080422,1.0902528675227763,0.917508611232587,-3.0816784434545386,1.3352270095111058,-0.1944897174455828,-333.6871889683127,9.741392406248428,224.5858617207526,-0.08082075927418797,5.608151828883101,-1.2030491778605268,4.518815140613077,0.7714802295267447,27.36623591460985,1.2296476942436074,14.344171457954797,0.6470741946457212,26.084501248831728,1.3718598485257472,1.9295642689521861,1.6021123884676016,0.7329857925944003,0.10352061480956895,-0.1944897174455828,-0.0217666460039313,1.9732268108857003,359.7716902171444,0.7714802295267447
2006-03-01,917.0,483.0,4.9225110342160034,1.0902528675227763,2.4550157805655504,1.5386232341263018,1.398951721067316,-0.1944897174455828,-29.688505730802937,-16.618416611473886,197.98522117264412,-0.08082075927418797,12.079500180332747,7.7989909216481745,4.980881004412159,0.7714802295267447,29.566873094691417,20.56112203681595,14.555991484354694,0.6470741946457212,25.471457611133275,0.7574091312620324,1.9513101116464422,1.6021123884676016,0.7641730535811591,0.12064025323322831,-0.1944897174455828,0.0462030167758084,1.9729568959214536,55.15996334193621,0.7714802295267447
2006-04-01,864.0,21.0,4.924708788705596,1.0902528675227763,2.2584072124427923,-0.23352943006076377,1.4031953890060016,-0.1944897174455828,329.21334889602616,11.559247411027007,196.75601417022378,-0.08082075927418797,5.402973580275527,0.6021236374580186,4.620507006666926,0.7714802295267447,44.84398952834765,4.349277102091098,14.222757477497334,0.6470741946457212,26.418015769150614,0.8883129431632497,1.8997115155699498,1.6021123884676016,0.75677226374977,0.12570482464455807,-0.1944897174455828,-0.017721526641870655,1.7013689999946051,-302.79533312687556,0.7714802295267447
2006-05-01,219.0,-258.0,4.916482255032343,1.0902528675227763,0.7422685211355251,-1.5754594344664308,1.4932457467966973,-0.1944897174455828,-517.9133442998193,-203.51851026413152,205.04253263406912,-0.08082075927418797,6.09980733591271,6.519976272700068,4.697018446830152,0.7714802295267447,43.52321709152438,6.728468102596774,14.202885433918174,0.6470741946457212,24.457384615938494,-1.1054152751336255,2.060666848818034,1.6021123884676016,0.7397675395168691,0.1365944466765065,-0.1944897174455828,-0.01341930004405667,1.784682961483183,542.3707289157578,0.7714802295267447
2006-06-01,597.0,180.0,4.895326500919241,1.0902528675227763,0.3474702816653741,-0.4567379240404845,1.5007733490813528,-0.1944897174455828,-150.25256632504303,-74.89596095456135,201.37254351437548,-0.08082075927418797,7.480717861550068,-2.75056679281116,4.598724327419744,0.7714802295267447,43.677078433532145,5.069951541870199,14.20360100054873,0.6470741946457212,24.99658634030151,2.4359248661643518,2.0672366564564766,1.6021123884676016,0.7279675521428656,0.14172758924699758,-0.1944897174455828,0.011187215104259463,1.531343176788575,175.24915266534455,0.7714802295267447
2006-07-01,-645.0,223.0,3.755763365545084,1.0902528675227763,-0.2752917185907644,-0.6422755154070758,1.513701841058255,-0.1944897174455828,-262.9273009893068,28.598090218058637,202.00611126275274,-0.08082075927418797,6.513772824335051,-2.2207166193198513,4.641321014667937,0.7714802295267447,51.64893459653539,15.67829208583782,14.525321170570537,0.6470741946457212,22.797125995502142,3.5653907432130927,1.8361617907878065,1.6021123884676016,0.7091957208630943,0.16145041726034912,-0.1944897174455828,-0.0018553759136659131,1.5310031862121773,285.72442698480893,0.7714802295267447
2006-08-01,1754.0,741.0,2.1584827963884474,1.0902528675227763,-0.7047019668861232,-0.26868232134810155,1.5142879857343088,-0.1944897174455828,-177.58476317103074,-181.756855171593,193.6370852856063,-0.08082075927418797,10.320921754619917,-1.5133532465010369,4.368395143448078,0.7714802295267447,35.317006742471825,-14.5842762189074,15.3736340412375,0.6470741946457212,24.807123506584226,3.4095209783977287,1.8982849432235618,1.6021123884676016,0.7185938422609118,0.1312594689765739,-0.1944897174455828,0.003735931940589743,1.014897031178912,202.39188667761496,0.7714802295267447
2006-09-01,1477.0,-207.0,2.2635356633258885,1.0902528675227763,-1.8075350334459062,0.4128057102837479,1.439876549300297,-0.1944897174455828,-129.0289988564784,-80.35968767126371,194.28517830819786,-0.08082075927418797,8.139403974137194,-3.0423683558689407,4.484528691173232,0.7714802295267447,44.04608658505651,7.404218919361161,15.38157138814347,0.6470741946457212,21.920090909392222,2.520390671868733,1.6554220055063733,1.6021123884676016,0.6943478229732432,0.14290165118567097,-0.1944897174455828,0.0068148803163184946,0.6522520108133476,150.94908976587064,0.7714802295267447
2006-10-01,2126.0,501.0,2.271946743813268,1.0902528675227763,-4.239581592690289,-0.31663728668940294,1.2337910057161594,-0.1944897174455828,-69.75460952077113,60.00154920328589,181.1281288158287,-0.08082075927418797,8.701940686495991,3.8446579298767602,4.515020287407552,0.7714802295267447,40.96123729748524,-4.499971220627453,15.474951347269783,0.6470741946457212,25.60831179935077,2.4397070389029496,1.505352362748214,1.6021123884676016,0.6979763863180296,0.1321087093999349,-0.1944897174455828,-0.0072944299697315085,0.6473281652802645,95.3629213201219,0.7714802295267447
2006-11-01,2930.0,800.0,2.4835440476549646,1.0902528675227763,-4.560809619521122,-0.47442542107269947,1.2323005479684208,-0.1944897174455828,-514.6614736103209,-744.3455259342654,282.2520846613428,-0.08082075927418797,4.743132808645578,2.826157732872425,4.178406457083043,0.7714802295267447,41.71486372968083,5.834946359741666,15.479875124774898,0.6470741946457212,26.345671071080634,4.157460249219103,1.5735482480066934,1.6021123884676016,0.7009799671399947,0.13302705574296061,-0.1944897174455828,-0.0015778813438329653,0.3690545377015993,541.0071446814015,0.7714802295267447
2006-12-01,3178.0,802.0,2.5613128691565357,2.809595206161912,-6.394616077113946,-0.5207620315866079,1.0926775133509674,-1.3556727100292678,-93.84298073848684,-109.1480749694733,217.61271676548247,-0.28342589797296613,8.59943457160921,4.885603457219356,4.3687240674415735,1.9360138709527048,28.31131072124553,17.93245941225303,13.916494695174459,2.2101042008991194,30.407356096509417,6.459568338629729,2.0234719171793363,2.2302875934034447,0.6869082196670274,0.14959875423923183,-1.3556727100292678,-0.0004633661051390847,0.37567156342463043,124.25033683499626,1.9360138709527048
2007-01-01,3710.0,574.0,2.555528290221184,2.697941747857446,-5.917417367134259,-0.39982923104697754,1.0872072769737242,-1.4488118896706463,-98.11294961410616,-63.474523144101916,214.5496319501711,-0.3253833321516194,5.012336552330354,-9.521175856760477,4.8919934551549,0.12071597164030116,22.153840193314302,-32.38129036029564,14.645446575622604,0.028279431222791127,33.374098898355676,2.4430714843131973,1.9133257129431167,2.1453647631284882,0.6900364602019768,0.09790368137187798,-1.4488118896706463,0.001209328005396304,0.3433565346117637,131.48704851246183,0.12071597164030116
2007-02-01,4147.0,287.0,2.3756619602847593,2.431434960930026,-2.992801161544356,-0.06891151135473006,0.7246269601039703,-1.3790453214020142,-52.67593454651409,2652.130455027574,828.964040460107,0.4626655932057339,4.773308130067844,-1.4279301780808717,4.899614127730231,-0.21914754779722934,31.73752267063059,9.17170501521618,14.748261174868269,0.3861535908835801,36.766995003082556,3.95065281694984,1.9265789710954901,2.1624288793547373,0.6740204184984397,0.10519170584594233,-1.3790453214020142,0.003309177196922475,0.3520676197712123,89.44292954959664,-0.21914754779722934
2007-03-01,3955.0,291.0,2.347699326775781,2.2362160934509703,-4.603097948214286,-0.1468941364874854,0.4621099446925455,-1.3479243114051478,-23.695541461492464,34.442941695243626,828.4053973240196,0.870397341669704,6.020848940481893,9.082558682334518,5.083984254391464,1.403992913130137,20.25512851034157,10.052875824424934,13.928362867784722,0.8452676562705917,42.05700976860025,4.65460802802562,1.9050269844147432,2.205904117498214,0.6534154576231983,0.11393830775862537,-1.3479243114051478,-0.0007798262513275533,0.18085265426077002,65.75255123009272,1.403992913130137
2007-04-01,5211.0,1277.0,2.643384639973744,2.5031456125799023,-4.59964059479594,-0.22991371570691976,0.46222308008047963,-1.3504843839964533,-65.05798282282478,-48.91379594363228,829.2472955288991,0.22947784099042454,5.293661689998164,-0.08789707461736018,5.087946065689116,1.2645819782866636,16.35214045733353,0.9625277225462359,13.923190174184835,0.8337926012119639,48.1510057138024,5.216244180033591,1.8815473892879626,2.2603909854124904,0.6625317873282103,0.10757967230695545,-1.3504843839964533,-0.0008301957921943437,0.18471859074062497,113.20898853662717,1.2645819782866636
2007-05-01,7036.0,1567.0,2.662311907780753,2.6724654513794057,-3.400939021803706,-0.3387591501852527,0.27329687319925755,-1.389621222566136,-193.1660024514053,176.01170625414858,823.5987063693917,1.282048895327955,7.144677067915861,8.392549711324481,5.311509651219878,2.464297616607467,10.29310264703529,1.1705830381103288,13.854058846438447,0.8359129988054035,53.08935491550317,2.1910590969136168,1.3334280437195203,2.123943091912552,0.697515107866149,0.10082099080835363,-1.389621222566136,-0.0010884543447833295,0.16760515866995374,246.25535736690847,2.464297616607467
2007-06-01,7113.0,257.0,2.6665288060197336,2.3294061806056394,-2.8756874098681884,0.08452260513296395,0.28715548474417174,-1.259224948964488,-454.3849795516043,-4.509218709681118,822.1990962782779,1.1431279159913466,6.502030341451426,-3.3338624973799136,5.348554002715059,1.630953177513022,20.200188893414218,14.507867847112,14.315679168706245,1.6170560490812147,55.186736166238724,3.839335236105712,1.2806048322286072,2.1077118723868264,0.6804158450788906,0.11406975586636241,-1.259224948964488,0.004232817553182167,0.17852974809939443,509.57171571784306,1.630953177513022
2007-07-01,8695.0,1805.0,2.9436213022016293,2.4912855766016073,-2.5343316299500596,-0.2930701246265266,0.25930010450329244,-1.282186480674115,-379.00976034033727,1.2461712608812014,822.583574309707,1.0804197595166694,10.309137436512783,1.2745801587333627,5.2722192971764175,1.654709071913905,14.766792466741773,10.449298482341085,13.95662150953812,2.062341795125849,55.01454058238833,3.4504743311131625,1.2824352001226684,2.058383972311571,0.7107783198791305,0.11624293786759012,-1.282186480674115,-0.0037759272975949054,0.15660703295296746,434.0243009227256,1.654709071913905
2007-08-01,8690.0,736.0,2.9325474371930236,2.3052578491002875,-2.3560742869588536,-0.08628127696280741,0.2611034469563427,-1.2208795640956185,-1.7503376047456776,-71.21038558182147,819.2533419461462,-0.11010972213628283,9.364783934810305,-2.3564947295547922,5.313464365384822,1.1716967010834207,17.603076484483047,-12.47335853081114,13.737862986749652,1.0478050619627073,46.26156917601389,-2.429547904238616,2.1962773858926963,1.6972232802328855,0.7508072272976947,0.09863234892328679,-1.2208795640956185,0.002067888476637192,0.15461219115534802,48.011906780759574,1.1716967010834207
2007-09-01,7655.0,-1242.0,3.6618820684912916,1.7104202216263442,-3.4412594846228273,-0.7031519861831259,0.21905561165989762,-1.3577887276595775,2138.00748473883,347.3823616562705,817.6157280309374,1.4018135782613899,12.922358550184887,0.11160860722374544,5.178195925453252,1.1239738839736642,17.784968675549216,7.570336926584975,13.74350772179691,1.4204639230117924,46.45265221449206,2.6543281638969685,2.192619151244407,1.6812655889387949,0.6887750932591511,0.1118719254690958,-1.3577887276595775,-0.006168707092203185,0.26587671801650664,-2091.554832524338,1.1239738839736642
2007-10-01,9217.0,2063.0,3.989984363891405,2.016996392611107,-6.721049084578256,-3.702560244783848,1.0094714903471014,-2.3473343437142455,617.1016934246321,-48.732351135264196,819.7364006435632,0.3675638507828944,11.899394182942347,2.9039285105249446,5.140525165738385,1.5158577544584657,28.85328346435294,4.474216171497192,13.579584784938383,1.59664566740262,48.49305834214361,3.866916466635839,2.183225727195189,1.7349943402391785,0.6962913404494231,0.10718997673206791,-2.3473343437142455,-0.02999408258600722,1.4273182610220518,-568.6086350824885,1.5158577544584657
2007-11-01,9875.0,1458.0,4.014771757490212,2.0885052506696358,-6.8618467722866505,-0.6246519258848005,1.0090647711893017,-2.2211409720308044,-139.3425958996949,-64.64905064504282,772.4233792667777,-0.324290037328789,9.824379167329722,0.919392974659039,5.110433906045672,1.5180746483738778,7.606058575997432,-11.61667649296253,14.181892959805667,0.6750123668051236,41.33727757683181,-0.8618178162765777,2.4795863590559155,1.5237998241733737,0.7388418102077098,0.08949561296972446,-2.2211409720308044,0.030779083188990475,1.4119322745509417,180.67987347652672,1.5180746483738778
2007-12-01,10414.0,1341.0,4.019302044286345,2.0910943079111344,-7.005262639365406,-0.6739420193268897,1.0091353478628888,-2.2047197696176752,1655.4201276955287,308.17629248520444,764.9581816778599,0.824974411456481,12.509379318106273,7.449859802050107,5.340507647993745,2.3568452859856213,14.276303589211924,25.242813584691515,15.07379081146048,2.0558984805847635,35.7262060581367,2.2331373358623674,2.223115632536157,1.5117976990322666,0.7543668426951895,0.10665837088106432,-2.2047197696176752,-0.0004929009344208923,1.3395981431235546,-1619.693921637392,2.3568452859856213
2008-01-01,12888.0,3048.0,4.473825123970616,2.3396414621364174,-7.585961415248866,-1.0217751484704496,1.0139572859269743,-2.239614319752901,2255.210903048815,-50.994522637153516,764.4746520798009,0.08725300012065984,9.516044612542762,-11.928383203099035,5.801730481657966,0.30044283268532784,46.02947174250045,-13.592545974441883,11.759881233864322,0.9530264053130185,30.74592803974312,-1.3159297569910189,2.4954931581813935,1.3113008653077147,0.8399035249043205,0.08302176251720597,-2.239614319752901,-0.003478331291435599,1.2934077340626804,-2224.464975009072,0.30044283268532784
2008-02-01,14170.0,1569.0,4.365046570654232,2.2570053141004776,-8.927060151082976,-1.5190965535303746,1.024708946168312,-2.2607923603194875,249.56939008258146,308.4817046941746,163.50986370119216,2.1926075340021858,13.543237800228635,2.1968242539054605,5.76279336992446,0.5819519296244163,30.15562969634422,-2.695587118641052,11.768511436346706,0.7104686009084916,33.827140492861886,6.4003967651671045,2.7328357941585097,1.554736074927498,0.8170711799603383,0.07686042365096236,-2.2607923603194875,-0.004973214050599251,1.1890289069961848,-215.74224958971956,0.5819519296244163
2008-03-01,15149.0,1270.0,4.249979889423323,2.1388955450448375,-11.762022219360214,-3.2551694155367406,1.2256699946868534,-2.5560364456585334,198.66534524466374,14.865456576825519,164.0361064707821,2.258524575398676,7.616293740233582,3.3884615634127924,5.269755989210223,1.0725830292913439,31.884934086422124,11.515086270088215,11.857243993032224,1.473818250959163,30.819407880255987,2.3025210263447837,2.646583198585888,1.5544510408239374,0.8030583311918139,0.08246898153057719,-2.5560364456585334,-0.01736072862006366,1.3469404247282923,-167.84593736440775,1.0725830292913439
2008-04-01,15921.0,2049.0,4.226148823129583,2.1357686847324096,-13.54268831975297,-2.2433008642809615,1.2438136003157156,-2.5250777504333586,-13.460018112830985,-85.19748191709138,166.7841706265945,-0.19015281980581503,14.084402988091881,5.917163817598015,5.465058827887854,1.8742013865095755,27.007883753762595,-2.7710248081221245,11.962921254296075,1.1460213660105736,28.901205702227294,3.673460643397508,2.5265570661526127,1.635014989831709,0.8034372105599488,0.07557191416260015,-2.5250777504333586,0.01011868551255779,1.028761598124811,42.36122381505828,1.8742013865095755
2008-05-01,13588.0,-766.0,4.604125967397195,1.7972465004501956,-11.458284948654763,2.063978366838959,1.5503490046347304,-1.8875072298695195,-24.880566898241096,139.58686437320574,164.986065169211,0.3520937836694032,7.006093748039732,1.6673886368999247,4.9895582903657125,1.897535502976248,34.26391604397876,6.950515713531957,12.014258274491953,1.5790237540479586,28.327014063195776,1.735848058370082,2.5295789636801884,1.6091864105969895,0.7886975219378183,0.08260060995895693,-1.8875072298695195,0.043072792311199204,1.8069605673044564,53.207580961436875,1.897535502976248
2008-06-01,13990.0,659.0,4.5665712804214476,1.7013223904207444,-8.787488246197395,3.103499736825066,1.938358566761008,-1.221566913394401,63.85254428934335,108.28708131224727,163.79999869293763,1.4792731575243272,10.790002296173885,0.08440847392143791,4.83447638906874,1.6983942212748873,14.53777111748047,-2.315705179288974,11.538011643811494,1.2558153262008656,23.41674595009906,-0.13394334765309823,2.5453575896571228,1.4835163501104716,0.829658869758159,0.07919074368960133,-1.221566913394401,0.010395213699861072,2.509873400950211,-40.435798339244286,1.6983942212748873
2008-07-01,11510.0,-675.0,4.704463274616538,1.465475328020255,-9.885780023830081,-1.4936433700021068,1.9438148784684646,-1.3617743744573214,16.807379016439803,-27.823519910991802,165.20856006383462,0.743401695771514,9.513836747984804,0.10802065492194757,4.839500596755062,1.5467804819126356,11.071007734106942,7.106282637331018,11.347074778857602,1.6697200499513365,14.476090750495697,-4.043768156886552,2.984541701831049,1.127985593660899,0.8355215771937068,0.0864614132293046,-1.3617743744573214,-0.04597143106827173,2.5375360018491366,-2.3312882659441065,1.5467804819126356
2008-08-01,10848.0,74.0,4.79964355661401,1.3529812009380349,-8.41852400142572,1.540531955798441,2.055182100205921,-1.0033232029089623,331.3018097822458,6.303325235521595,160.49797475429295,0.7912932786191892,8.750066821960711,-3.037478749581035,4.884580754195015,1.0070481212339466,21.111821364029492,-4.560954451890476,10.674434604944647,1.1738017090375932,17.27064897707644,-0.04768538790149712,2.796411762577972,1.0541554548032035,0.8506004940320941,0.082343066317411,-1.0033232029089623,0.030341753258005477,2.611934178166074,-314.03116080516935,1.0070481212339466
2008-09-01,11875.0,-215.0,4.2198328686305535,1.2227002220714092,-5.425237475078404,2.5423069237949347,2.2596506505755185,-0.4889951337617917,-7.395792658789613,-3.943159894148318,137.63268974584395,0.6531123017678271,10.47513560501061,1.699648190794445,4.885300692073573,1.1774803725740592,2.4499053185031316,-9.004994648018327,10.971762117847536,0.3826104951607637,8.813346534088428,-4.748877224124081,3.2651316250192757,0.6535058715444138,0.9100729229963191,0.07539230262368105,-0.4889951337617917,0.010017749679964938,2.232730911825716,16.20913919287804,1.1774803725740592
2008-10-01,7043.0,-2769.0,5.020895383011815,0.7683827396342706,1.831057994791907,3.6859084883176685,2.2962546148080816,0.25892611802566534,95.2548050689892,8.097192048148404,134.8627797708641,0.7358668215171894,8.244166291371746,0.8258545122210359,4.846318617238257,1.2086274291377999,-13.988174782000673,-12.288664462949372,11.505515126103935,-0.594667759520467,-4.161398895029922,-8.518023824120846,4.054124516324552,-0.06071483875631447,0.9491735082754571,0.07186170481482572,0.25892611802566534,0.011436015645227338,1.8288279430277092,-99.41620396401912,1.2086274291377999
2008-11-01,4622.0,-963.0,5.0882114197730886,0.566217192706421,3.0286200895998094,0.5440303244556466,2.283988831905436,0.41789365522077754,178.38159270299192,-49.59891726342585,133.71300347227736,-0.4026676187389289,6.308750924476092,-0.885054790730655,4.869345521288144,0.9845844316387388,-12.332412377892721,-9.915261788157038,11.368005915031636,-1.2369028559337358,-1.03336184309748,2.373912918067722,4.118786013364565,0.027712997228013323,0.9040950254669643,0.0667493825090113,0.41789365522077754,-0.03141878163862022,1.906376507107178,-179.4149545460894,0.9845844316387388
2008-12-01,3507.0,226.0,4.9605594340448205,0.5376439970131122,4.461926847883513,0.7078556797354807,2.266686741476082,0.6075477303484086,-20.498892466727103,16.56829392459369,107.76769353024851,-0.27587826453446146,5.024460577666767,6.151783994463722,4.715921991982625,1.7382046814822267,-33.48756169534804,-4.979649405201847,7.983750962140597,-1.39911634289503,-0.04693621572653406,3.2521209904828874,4.179238168129048,0.22717780458385758,0.8882519164992256,0.06296601008973234,0.6075477303484086,0.001638253552798341,1.789295243641513,20.451956251000567,1.7382046814822267
2009-01-01,-639.0,-1098.0,4.006230548001546,0.2996756005385235,6.806276672778044,1.1995086350169881,2.2315258803861777,0.8914454570350606,-52.36168436147586,-70.63514621289048,109.28213676763076,-1.330567948382231,4.512494935172673,-12.357708349173679,4.819404106082875,-0.3176311128297026,-36.10223478086988,-16.989312807650748,8.438912180974718,-2.253141775010191,-0.3982823331582175,-1.6628152212232128,4.190935818008049,-0.025782204274541504,0.8819328353561717,0.05417531654361552,0.8914454570350606,0.004916529552815074,1.2041415006267784,51.963402028317645,-0.3176311128297026
2009-02-01,-2894.0,-686.0,3.6884828160344427,0.11341499930060343,11.379280674582692,2.697449323654255,2.2039491259843307,1.4515473292273577,-108.24533581815719,-170.7008378787661,82.77087889286967,-1.8626768782274303,0.3546727296977359,-1.8688735889742514,4.830631233883044,-0.7820271507873149,-26.897519743415977,11.321482013403017,9.444733114281224,-1.709960896994327,-6.001830255826135,0.4143582084948916,3.692815171763944,-0.0816420027831871,0.8814268422480435,0.06171539564972834,1.4515473292273577,0.01497940688637267,1.2639948590481787,102.24350556233105,-0.7820271507873149
2009-03-01,-2647.0,1517.0,3.842749393083315,0.31839087609196115,12.944215359606503,-1.89585608489381,1.9945913255001586,1.0327907317662341,-65.42507390944812,-581.661967333776,184.01188744083086,-0.2272783260023984,2.944337499180061,6.056413629809354,5.050087391147729,0.1975910331980836,-29.119650370304694,8.125309511609746,9.0405550157381,-1.2774230806110038,-5.28712969937798,3.0803624343484604,3.7518815255324247,0.2080833356381953,0.8821430335490222,0.06345700342367035,1.0327907317662341,-0.04593305408548065,1.932229818541019,60.13794421007014,0.1975910331980836
2009-04-01,-4546.0,150.0,3.245978480802118,0.27773777652358905,12.269945246720425,-2.8269024268022913,2.086844727053214,0.44470218785480087,-87.67259602103842,-94.72228458750739,184.15458431016825,-1.4427079351481689,-1.265294967484043,1.5859655951888207,4.76373481653418,0.43973849958797945,-33.541622158772874,-8.836793213136207,9.228162449978008,-1.6205528707687833,-7.361619872870417,1.4027072106903793,3.581974499462695,0.33243893844543465,0.8494477371711333,0.05757023413304869,0.44470218785480087,-0.009310463419084813,2.0526798077845063,80.310976148168,0.43973849958797945
2009-05-01,-3670.0,110.0,3.2515579607550853,0.2307144220226071,6.755775329817815,-2.9489226181311223,2.3386524057842015,-0.1545033556107267,-111.63924614180476,-326.21230646307066,187.31997080475858,-1.5066361564799335,1.9161242656166033,4.943304491229306,4.957730925054992,1.3431910395000293,-25.163045749239764,20.434038740314485,11.161475438258677,-0.7044423353624651,-5.247576141360632,4.057499533303899,3.7755817329734875,0.8842541290779783,0.7950566105198698,0.06908962451272789,-0.1545033556107267,-0.0012202019132883102,2.363484419828338,106.39167000044412,1.3431910395000293
2009-06-01,-4728.0,-399.0,3.133214292492148,0.05454587673146372,3.4187471181080564,-0.11936372217598024,2.2025139650178405,-0.1297424586953438,-144.12361501106994,689.6025975936595,291.7895078988394,-2.152284710236177,-2.8585036494241156,-4.604406117521387,5.155007830462513,0.31994954349654037,-22.055699892538737,1.7402975243861807,11.206598516337909,-0.5782644028444889,-3.8469676760651716,1.3422536576248811,3.8082767611937145,1.0322146986815603,0.7735653953285033,0.07120288605691068,-0.1297424586953438,0.02829558895955142,2.301468008100326,140.27664733500478,0.31994954349654037
2009-07-01,-2754.0,1299.0,3.4768904519532415,0.31824580737045116,5.760068208034563,0.7364649681528945,2.130053613791646,0.08443049402182287,-66.39104932812894,-154.9768136262673,293.20069473790255,-0.49005826766296195,-1.3907371671730395,1.6206100512342614,5.179397512132304,0.5954475506475664,-22.16133573848168,6.961124328684987,11.196553014792967,-0.16141376504523772,4.030520980125263,3.8175973098658167,3.773876907939983,1.5458830197783324,0.782274657460742,0.07307638618648976,0.08443049402182287,0.008558286903288748,2.2338556644400027,70.4215703082542,0.5954475506475664
2009-08-01,-2962.0,-134.0,3.4677985282851176,0.2076667771436421,2.013549890102806,-2.0565105710333653,2.2197686216270136,-0.3385285076105386,-135.12435336666815,-211.09646344148842,295.3731266667391,-1.5773636842259595,0.8853866154210355,-0.7993654699745001,5.099327128588536,0.36526695432542755,-18.880489079876185,-0.5382637151249314,11.156707503086833,-0.1887434284218192,5.370122520424769,1.239401068547652,3.7783785324980843,1.6298326909565142,0.7536468791328876,0.07298783136517635,-0.3385285076105386,-0.0279297553918626,1.4988214100705668,140.4944758870929,0.36526695432542755
2009-09-01,-2572.0,175.0,3.4859762415348396,0.17071468292781408,-1.894296420607433,-1.3857945513086833,2.1289319342888957,-0.6030145031368582,-115.37135236309541,-57.96296886268849,294.53390761756725,-1.1243967764222058,0.23837275260414348,1.0474121789141533,5.085315406770285,0.532560107232951,-3.7030110895841184,8.020190480576916,11.151495562654583,0.28656375794624833,14.507603726949236,3.5111050502270924,3.4745634492173716,2.0056955962480907,0.721925435672836,0.07841217401913196,-0.6030145031368582,0.00670716019724682,1.4875615036414875,129.87895609004465,0.532560107232951
2009-10-01,987.0,790.0,2.68230106087178,0.3913550879960598,-6.613774601461831,-1.3020113259128774,1.7712382017519956,-0.8494572060629962,-79.99994950677622,-240.6479565408461,296.2412755233398,-0.49310712724883815,1.2640278091498702,1.857520776060273,5.106585482853978,0.8896272096552188,12.388712514083778,2.368352172158783,10.432241208995624,0.4488795732163789,26.865184430701603,1.3546472189997383,1.6626174159146925,1.9614994553231848,0.7202878361743814,0.07834298350006014,-0.8494572060629962,0.0008378322539580596,1.323055627930305,106.86513393747782,0.8896272096552188
2009-11-01,2458.0,508.0,2.4878467163201035,0.5543648191021471,-6.707514284687566,0.44310574470494135,1.7657807538374715,-0.7006428544721355,-136.26504289686275,-191.3896406466307,296.68690702283743,-1.1144944673596764,2.665289733432208,0.48646875868645356,5.094719858458492,0.9263092450468837,31.51603047282503,5.416166007956957,9.831885998553323,0.7553392399122403,27.527171560273022,2.9081037053963366,1.6801520133476522,2.1154352584001153,0.7138832711367026,0.08133112065702286,-0.7006428544721355,0.017451170706178187,1.1256781416192052,163.79221445713577,0.9263092450468837
2009-12-01,1939.0,-293.0,2.527042118215537,0.34216505221157784,-7.588901439232753,-0.24358869091593016,1.7244263111619282,-0.7139894221372621,-11.969484756028127,-382.9602878032292,302.79360289130494,0.10612616431877732,4.179254281514089,7.71716249873271,5.273856269720041,2.357764189621148,54.31917148897056,11.495623200174453,9.804112250644941,1.5115654068764681,27.059141851824453,2.873181667257718,1.6591343981370261,2.187582255118746,0.6861869142586464,0.09148249368679343,-0.7139894221372621,-0.006866944356208715,1.115860150457022,39.02862660785258,2.357764189621148
2010-01-01,4244.0,1207.0,2.3202674318360277,0.926636950521155,-9.351422111150775,-0.730629938542704,1.624160294315646,-0.8355216679901978,179.74939631198717,-6.682357850947707,304.862596635563,0.037725665854528245,3.290492054690186,-13.105392317817321,5.441000029375088,-0.7602583679492286,49.57010732166343,-19.543908430767498,10.318534662199017,0.05748038607904629,27.79361278122896,-1.0943728215120574,1.5486045542368645,1.8009649847639102,0.7137979648706603,0.0710163450187968,-0.8355216679901978,-0.004870412476267738,0.8939837706036768,-151.9557835307582,-0.7602583679492286
2010-02-01,5598.0,668.0,2.062170258662756,1.1938625107165635,-11.808876356753828,-0.08664601165783159,1.2296542335499319,-0.8288104512082141,-531.2372155888692,8.986231493550179,307.8365457895555,0.19557779999233516,5.2744188515367885,0.015955957471258664,5.396210521334937,-0.8676789399661259,45.94700623450845,8.62489383994487,10.170847508888919,0.5583625424086421,28.921872920168703,1.3008932651241256,1.4818581748041721,1.7517425112008826,0.7177151196697703,0.07566955064161439,-0.8288104512082141,0.006439839268848724,0.7199360261706642,560.1590885090378,-0.8676789399661259
2010-03-01,4340.0,259.0,1.7106048822798587,1.2528647888598865,-10.567374341321134,-0.514804485125131,1.2061344416993443,-0.9600869143691557,-22.044083410145067,-12.9286647983207,273.7243247569572,0.1915874069980133,8.282018760252141,9.086354459038981,5.736499947185698,1.1730943811892385,43.54881472576923,6.3486016102918486,10.113163444917467,0.9632789926824833,30.451039450538776,4.3030179589903295,1.5897863631965965,1.9989372893110673,0.6896277260747411,0.0798825469509972,-0.9600869143691557,-0.004281584734672994,0.5948788010088522,52.49512286068384,1.1730943811892385
2010-04-01,3970.0,-220.0,1.776319775519328,1.1712684971900407,-7.947261367411929,0.019983614967111762,1.0690766136543455,-1.0285156542976512,33.380582253085535,-90.96996372465259,273.71030042672106,-0.6838942045211442,8.07398031611124,1.3907920430982657,5.73441009880017,1.399160469916241,49.29334418424711,-5.188628455266997,9.755769385823056,0.6077763241474624,29.944332194157177,1.0088315637287737,1.6127995410414486,1.8675413491412896,0.6786168372319759,0.07621313861295244,-1.0285156542976512,0.005347881000922428,0.41379298440304624,-3.4362500589283584,1.399160469916241
2010-05-01,3421.0,-439.0,1.888182418615847,0.9511750396709353,-4.961506988861252,0.19895417011461802,0.8194249276167404,-1.0136127069497955,-653.0853060615952,838.0278646379389,368.86011809793763,0.07814928323772209,7.588022460981891,4.47142381272021,5.704992333600094,2.157651282427747,10.966790698199302,-10.48376039227712,9.032142505547595,-0.03093592537012828,24.2740977530842,-0.4831403525826117,1.6736267146578134,1.6325186599342587,0.6747099647451084,0.06908849135277868,-1.0136127069497955,0.0017897055514750626,0.3460873294426679,677.3594038146795,2.157651282427747
2010-06-01,4551.0,731.0,1.785441437378671,1.3496620939535722,-5.097054140127377,-0.26181690388332735,0.8156959111532007,-1.0398001954572604,-173.87107312878976,5.46075006922655,302.0283188873584,0.21930058948570247,12.845479901678992,0.057249180112184384,5.459539258627371,1.9065188367873276,43.83380286026617,31.87453475938775,12.642699122486633,1.767215815280876,23.186544052291723,0.45538225799515164,1.7166400731027414,1.5242525954763793,0.6840417366992936,0.08922558726916104,-1.0398001954572604,-0.004607710739979454,0.3463512277791543,197.05761718108147,1.9065188367873276
2010-07-01,6546.0,3294.0,2.8609527702549644,2.5886873168763382,-6.296571303778265,-0.5367844303771907,0.727991023285898,-1.1435705847701727,94.95352431850557,45.089588092979184,300.7095721801305,0.7106564258765629,9.891422710546639,-1.0396036688957722,5.492771286538534,1.5285543769647068,29.442494377871633,-3.7408838587318027,12.774644374386293,1.4764925430883065,22.883203353467163,3.561951672913022,1.6902512463059725,1.6780461174895376,0.7182025664216851,0.07856501579997852,-1.1435705847701727,-0.0027496752649386336,0.29553133398700915,-72.0703209650384,1.5285543769647068
2010-08-01,8249.0,1569.0,2.8666654401248666,2.679800839352007,-5.033770970683427,-0.7365687845237279,0.5574428452127262,-1.2440237395081801,-229.46483012901294,-26.22300716201459,294.9761120219326,0.4064185493395269,8.663902009777203,-1.9074668068351008,5.53368927668372,1.0559984619417597,30.15543272797916,0.009547778361640447,12.762261146562379,1.4309777077056582,24.904850905352728,2.904969524928669,1.7131958837339893,1.73885676547327,0.7209219277345497,0.07550614851305268,-1.2440237395081801,-0.0019978435414653717,0.3592888298060127,254.36968103436567,1.0559984619417597
2010-09-01,10334.0,2260.0,3.0087433802471226,2.7776860050226047,-4.0906073032611845,-0.40640075393881814,0.46917991856599023,-1.2312250948375723,-63.287765968417396,-111.92040590149479,296.19324464785103,-0.8028027551557883,9.964637108840302,2.2569759186626293,5.548809828993726,1.3573512128845253,31.440285787613263,9.086531464831449,12.804541987048088,1.8546776795039133,24.61846390224638,3.273770511586771,1.693962624498356,1.8094477434208838,0.7343130841341882,0.07798333680453749,-1.2312250948375723,0.0033016803058490973,0.3492235417489063,87.90622987066378,1.3573512128845253
2010-10-01,10036.0,492.0,3.029418648254032,2.406711952327014,-2.796180062853104,0.030051796592633906,0.36954212775694373,-1.1242184130707185,-215.5722043583551,342.7677804063887,303.37572806127986,-1.2399308765554569,9.298595625289563,1.2405830401467144,5.542396502301976,1.4435105259858039,22.929232265224652,-4.260228396692023,12.977129287568909,1.4067742389553644,27.173920602309074,3.4330504042729526,1.7427086187251066,1.902080434498543,0.7183818642720741,0.0738059319933823,-1.1242184130707185,0.0043645255053145204,0.3510138294681574,242.74612496066416,1.4435105259858039
2010-11-01,10676.0,1148.0,3.0218896093377623,2.278439124744212,-2.7354744983449586,0.5058343024830769,0.38030002140782054,-0.9383264982525575,-107.05414593156095,-105.57812205221336,298.5328789425927,-0.46719833956986356,8.67688179804398,-0.08511980309651168,5.548625048184192,1.3026170045777685,23.443385304744414,5.857070430515865,12.98684996890443,1.606733720918683,25.99826319681955,1.9567712810035331,1.720988671717346,1.8648684304476746,0.7270841957729576,0.07609515285769092,-0.9383264982525575,0.00475782505890443,0.44538236783559454,133.0524091283805,1.3026170045777685
2010-12-01,10970.0,1.0,2.9455680925171834,1.9786286610055754,-2.147671568627574,0.35927356048706116,0.41647041823361064,-0.7931958469468956,-43.72052784994751,2157.5171808883715,656.2788292786652,0.41550720686099596,7.611504618036369,6.661193603392301,5.43691905074874,2.136983387285757,24.46915858509766,12.422114570066256,13.047759550916446,2.1044885659621158,28.21776833713445,4.685330102624308,1.8807022047667317,2.012930889202954,0.6970536953351979,0.08554584028889876,-0.7931958469468956,-0.0014656074199601576,0.5057832691550611,71.93829618708196,2.136983387285757
2011-01-01,10169.0,406.0,2.950181959556003,1.8320022071410698,-2.429672528921567,-1.0167146759615386,0.45706799978613555,-0.9512302165745053,31.941482261555375,118.77369413614645,652.7447845716273,1.3633728533013345,9.56525678098117,-11.527767989360072,5.078600082360571,0.13940308907604096,21.53780867039352,-21.438714821682847,13.34790061560393,0.5667464597209192,27.25978826771309,-1.8333469966160587,2.003230433762329,1.6852821049063973,0.7093223417595119,0.06659290352507627,-0.9512302165745053,-0.013759882364485998,0.6100408343365029,-4.681693993842284,0.13940308907604096
2011-02-01,11258.0,1757.0,2.989387557135643,1.941403975429249,-2.9239919761035016,-0.5928359075998091,0.4684879928292625,-1.1077401578325237,18.546271976833893,-2.0784728281839415,653.145582436635,1.2120869735561588,8.057830628168405,-1.3600885308854838,5.115408904438151,-0.16659663640854622,27.509720504135093,13.962313496086098,13.658557155230975,1.289178645112344,26.375649280515812,0.59710402900508,2.0370859016017064,1.5975184775101365,0.7286000899251268,0.07300890461810128,-1.1077401578325237,0.0042387876836172955,0.5876753067605257,7.82937730368192,-0.16659663640854622
2011-03-01,10858.0,-141.0,3.0562653508762265,1.711074130018512,-2.109381579853864,0.320022535361697,0.48657567640485994,-1.0538463170627854,150.1559869314505,83.73766992075231,650.019517203125,2.367392301416826,7.6853224359876515,8.710300632537905,5.060691763880577,1.2105724987720712,33.15044891838359,11.053212180740978,13.833855708704062,1.8474333135585292,21.911608894473254,0.6186619362447132,1.9314667993748396,1.522562107130705,0.724223790229834,0.08132657344808789,-1.0538463170627854,0.009128584429615061,0.607866011735145,-128.24437803697725,1.2105724987720712
2011-04-01,11463.0,385.0,2.956676006503617,1.607522418902294,-0.8528063472588499,1.303892494117287,0.6480522378988963,-0.5787018060275421,2585.2598620811405,-3.0685043329715778,646.0501207939782,1.9722191499142956,7.425634888426558,1.1462840123348306,5.058320750955909,1.305166014463905,27.93948985525534,-8.899154254105913,14.079224063507171,1.1344876775960162,18.145052549283335,-2.111916812054726,2.218984983020777,1.249069542834555,0.7557512950427807,0.07347592781173912,-0.5787018060275421,0.009838699587555899,0.8299092859054159,-2567.114809531857,1.305166014463905
2011-05-01,11697.0,-205.0,2.8730004586937143,1.4318744120341176,-2.4792696906561162,-1.4447628126900591,0.7516083978945334,-1.1042951743696319,-109.96634960897063,-103.48149308525112,628.8688393385094,-0.7464670052024039,5.541899937758643,2.63949168044606,4.961482584189728,1.6079738804155852,71.69428767964719,20.13043832359218,14.196196325227866,2.250539972810795,19.703044734014206,0.8291997432073428,2.147775898280319,1.2306440186543461,0.7354512982004066,0.08865770987278683,-1.1042951743696319,-0.02748655306807346,1.0210692653064395,129.66939434298484,1.6079738804155852
2011-06-01,11811.0,845.0,2.8776491215169657,1.4489223954147261,-2.606669066033729,-0.3921131207741957,0.753420707350932,-1.231078413993845,-60.476952130265026,-518.220355185263,660.9541755316382,-0.37619305282453985,2.981031316062732,-2.370539877595401,5.0330966023809625,1.0888203913573655,33.32378894301697,2.403014548883897,11.515701368131241,2.1439231719963123,17.368227331589758,-1.504007957887299,2.3056529310011036,1.0220195777485814,0.7573254637438106,0.08916117395365222,-1.231078413993845,0.010526496919158634,0.9874425690356681,77.84517946185478,1.0888203913573655
2011-07-01,9039.0,522.0,1.9155931288155053,1.4083003803993654,-2.887188044785449,-0.8232652333992285,0.7688467321844376,-1.6998861641621419,117.87075070065205,699.8061683110203,677.7360368949411,2.177063191807712,6.065070536770434,1.9240270083423772,5.030689335160895,1.3119645906483834,38.19960484940677,-0.2205688921565807,11.370942251498589,1.8902210816636358,17.93774478728485,4.06447557196572,2.3532043135777516,1.303910245817809,0.729745354332058,0.08799040727496414,-1.6998861641621419,-0.004311521126250328,0.9623466330346461,-99.9330059133672,1.3119645906483834
2011-08-01,8311.0,841.0,1.777096395521747,1.4253564802421899,-2.235629009644491,-0.07058059856364096,0.7537208939952393,-1.7158305771858746,-1.0044653564913242,-66.47740540251961,679.1151749296479,0.1312630142580615,6.480808407655303,-1.5229784857219708,5.0143913015434745,0.9591970204715404,50.04752020207233,8.58341206565505,11.411798461719357,2.1896994958954252,15.133088444488019,0.45780491275166924,2.317591700500302,1.2618878901271025,0.7387125245555674,0.09388676365783243,-1.7158305771858746,0.007526846348355876,0.9510225462519337,16.137553800979344,0.9591970204715404
2011-09-01,5604.0,-447.0,1.3901284820973274,1.2464030894896592,-1.6768739616247363,0.16280892608544484,0.7564703129738408,-1.5360831336709684,-1144.061527763024,25.719177555713003,674.3729072499403,0.34588179917965944,4.904743548807677,0.7434296869283097,4.989066859993028,1.0116273777082934,20.121943972752177,-12.669758199580194,12.23834372348715,1.145163117600517,8.16031529334631,-2.980770072439709,2.5058414181971833,0.8874141683371471,0.7556212296459948,0.0827540037557843,-1.5360831336709684,0.002333895246490858,0.9363963577037759,1152.2218430563703,1.0116273777082934
2011-10-01,5740.0,628.0,1.3918612113576172,1.2536229393259384,-2.136863127916244,-0.43792295140359094,0.7590662150644003,-1.648283810246388,-322.1611921533796,-5.785420373696882,676.0671862859294,0.2341404745465576,4.4565158132550575,0.8080112064335676,4.984921058548003,1.0708577363943628,24.1479738685187,-1.0513960223490826,12.117781145356004,0.9918569136131403,7.791770702718126,3.080613458103909,2.472540765012938,1.1321659245849824,0.739364068838788,0.08082792872172005,-1.648283810246388,-0.006007318774890358,0.5720631679790464,329.9529628560977,1.0708577363943628
2011-11-01,4946.0,354.0,1.2969562201372176,1.2191215440253111,-3.5872194169814686,-0.9836874268161488,0.7590066655918459,-2.037571531716105,5357.316577126749,37.02473258139247,671.6367444547898,0.6540961306392563,4.742249690213907,0.18819073059561653,4.982725619066242,1.0199834856255294,-0.11371596152591756,-14.830108981871003,13.035271564396812,-0.015208377583212768,6.367934710970147,0.6100105811289724,2.4384101860868554,1.1222811395032513,0.7329420159711724,0.06834422425166015,-2.037571531716105,-0.005457644754125579,0.4343093958587352,-5350.9486424157785,1.0199834856255294
2011-12-01,4711.0,-234.0,1.3338826024592927,1.0993653141741866,-4.240966805659752,-0.32123386418286826,0.7300323169495005,-2.012918555742604,51.79858005100017,-37.205786459979336,268.6043606842945,-0.03597414668786802,8.666921429054675,10.657767797705887,5.534730375154204,2.4852916185462375,20.316319845622367,35.41614070980237,16.205608820893552,1.7601475658315426,4.7943703954296035,3.1366575608692937,2.2314253185655017,1.3821500654585779,0.704989092501416,0.09299274599817436,-2.012918555742604,0.006624535626332806,0.4363136524110674,-47.00420965557057,2.4852916185462375
2012-01-01,6319.0,2014.0,1.634675804497801,1.369076097789489,-3.3866851607933457,-0.13366896235990078,0.7015512283951525,-1.8726293264399223,-125.950871958706,-137.40066687417502,270.1347639233709,-1.5013922147813246,5.4514371379720705,-14.145685829362165,6.0901147292071,-0.15617268834827255,35.91177597649078,-11.25556528589967,15.052068112023912,0.8840172624730163,10.158408574222522,3.1914427187810235,2.242854679732957,1.65184478053371,0.7104208966168677,0.07925602376814263,-1.8726293264399223,0.0018756490182296748,0.3953105948879921,136.10928053292852,-0.15617268834827255
2012-02-01,7047.0,2485.0,1.7970167357020363,1.6860377042637122,-3.1402420290807753,-0.3392661706089095,0.6952081410888428,-1.8537217858412187,-15.016798713744695,-420.67072224554687,295.9030741639468,0.256521904941072,7.054584214828474,0.13950493151733134,6.061147836994466,-0.2699559412380415,13.260281782918826,-5.031012607526442,14.855171058127386,0.48970709963446224,11.955701341880353,2.238399050045925,2.276984046508789,1.8001782946056226,0.7263652713881663,0.07176038891268648,-1.8537217858412187,-0.0020559720824900873,0.3793774871279512,26.972500055625048,-0.2699559412380415
2012-03-01,9662.0,2474.0,1.977770047436202,1.9455414344259034,-3.8998216688046927,-0.4666926926216619,0.6719010608352777,-1.8724538774076689,9.046386210501932,135.76340514765448,298.20775445886693,1.8344750374207852,5.857034740377998,7.494229743610803,5.924456228454369,1.1605613608289054,11.053624472718981,8.88955534868845,14.747629924632635,0.9878875423763178,13.450737224298216,1.9623050757413996,2.2911710837970416,1.8733647210704878,0.7419643267509449,0.07467441770659701,-1.8724538774076689,-0.001274265220127524,0.2877858891528046,4.404351013796283,1.1605613608289054
2012-04-01,10978.0,1701.0,2.0015039538303077,2.046975777418016,-5.632974227007493,-0.5231082823743738,0.4327081309967457,-1.9049924207057207,-21.93714131709249,-30.60980825562315,298.0637997769656,0.8681203517346252,3.1971569305351055,-1.395226403598393,5.950154721583332,0.7809046967208343,-5.575129063172845,-22.54025347993005,16.10923209498797,-0.7133560073991367,17.273173716078418,1.1861752977238238,2.059408354924897,1.8527841966657592,0.751670979172306,0.05613118159459158,-1.9049924207057207,-0.0005641558975271188,0.28934092000749917,39.21031503317091,0.7809046967208343
2012-05-01,10575.0,-608.0,2.0709828862740274,1.8201537549637892,-3.808341159475337,0.46085139182063806,0.39493443958863717,-1.546306914095975,-265.6157752384732,-92.61377067110281,297.85366931686525,-0.9594358584729349,6.916990955054048,6.33922416115047,6.166950216078184,1.920617867395362,-9.431479197945558,15.224262361440966,15.624910915792512,0.0915518210694854,15.974086835056633,-0.287729955714644,2.110002501262026,1.6936626997510464,0.7493049186446329,0.06536805631940597,-1.546306914095975,0.009839596741950118,0.3600596270136988,281.58986207352984,1.920617867395362
2012-06-01,10073.0,343.0,2.0967430931295574,1.789356744029071,-3.3825619557072084,0.04878754853201439,0.4081397348642429,-1.408822073287912,-137.01247941999728,-193.4655667132522,262.54013380780356,-1.162176680132409,7.536264115722213,-1.8050609597520695,6.143149500227301,1.38376263364664,-7.918317454717605,4.113899552131883,15.6541892002547,0.35478988319004057,18.4435624114911,0.5933006164894783,1.9399868735512014,1.6781038288040995,0.7497427908728644,0.06764930535278042,-1.408822073287912,-0.004120638432886237,0.3708850133225079,155.4560418314884,1.38376263364664
2012-07-01,10306.0,755.0,2.0926714051046167,1.7841386399603898,-3.87653880790082,-1.3303270251679877,0.48741636967541874,-1.8508743868748947,-88.6047550113219,-346.24092668690116,160.16794153930343,-0.6548770117035361,7.252612360853861,1.6551788261788714,6.139108555786076,1.5534632387701868,-2.627480337217769,5.512566114458717,15.721346119053806,0.7403264236832104,14.510906067776297,0.609244982128776,1.763021856315718,1.6552978592007588,0.7449901095506334,0.07044904613019438,-1.8508743868748947,-0.013791145737000021,0.6034631462862707,103.1156610790982,1.5534632387701868
2012-08-01,11256.0,1791.0,2.132995822247984,1.9256305104624487,-4.504841204999332,-0.7237603007084648,0.49252070337583337,-1.9277391232519665,91.25893791034456,462.6465990931641,227.2979332297878,0.801328335005649,7.061838963846001,-1.6981424794742739,6.145243373726917,1.1158725898419193,-12.415712614333573,-2.3317790213293055,15.548901766646015,0.46830598805273915,15.45697509498083,1.2877696823314189,1.7496363742085221,1.711686342147434,0.7527506317857461,0.06674459213336886,-1.9277391232519665,0.00606566724459523,0.6211930839754456,-75.80196281536372,1.1158725898419193
2012-09-01,13093.0,1390.0,1.95876895417479,1.9411864186423207,-5.140272842481963,-0.5036815902285219,0.4621056146274381,-1.8896412259541664,62.397291019126676,6.747711177664795,226.78700357543616,0.8485075011508544,6.745598358291627,0.44585247810995376,6.145865861882211,1.10661160076212,5.228613880412714,4.923389443519999,15.072546932159888,0.8491943559820943,21.960247508452202,2.483971066370594,1.1734757177968764,1.8875759911290604,0.747801359629608,0.06843910780670591,-1.8896412259541664,0.0022007871047994287,0.621903998983246,-40.43704351067447,1.10661160076212
2012-10-01,13208.0,743.0,1.9620862593275945,1.8528801895569789,-5.2794377385081415,-0.5839864761026492,0.4640285546898317,-1.8775720711742245,-151.8732875276054,-130.09422107707508,227.33162798011932,-1.6732317417687907,7.416460758910226,1.441557745491262,6.149376618298272,1.2722262429669948,3.751683968255004,-2.440183231376847,15.098557427057568,0.546713784634997,20.479629163721413,1.8291971122851969,1.0897617208302783,1.923339279328338,0.7389489052481425,0.06596767541045054,-1.8775720711742245,-0.0008030488587412732,0.6242476607234807,172.3529166913268,1.2722262429669948
2012-11-01,14166.0,1312.0,1.9182308649613788,1.8487492945841522,-3.9308411379479824,0.42607049002936215,0.49410649182742417,-1.5620786220155074,-131.86400968877155,-15.830331666345964,225.74133001421805,-1.5151552015086667,6.0616752901102355,-1.0754284948769066,6.171146222126387,0.9750345612208674,20.258449499609043,-1.279683893856165,14.265944851628303,0.36043270068966915,22.03262229772285,1.906882564624035,1.0494578552722875,1.9429282750914267,0.7436450021914589,0.06377190902923167,-1.5620786220155074,0.010100569661320113,0.6143061701786667,153.89663198649438,0.9750345612208674
2012-12-01,15175.0,775.0,1.762615583326401,1.772424991375199,-4.798280487831397,-1.221265519692527,0.5565987262352806,-1.8321055176086962,-4.478884928112414,-288.2428908348805,234.2434624347491,-0.15289709392385162,3.4251733365114445,7.907015273936002,5.806799678143324,2.150368828169331,-7.487874264083305,4.172597336360573,9.874249512793968,0.736268770576725,22.711279322756717,3.7102289213325035,1.1317597880593873,2.1111505180299073,0.7169674067701511,0.06562828052209764,-1.8321055176086962,-0.016473360097218892,0.6289827888581366,27.19016425086913,2.150368828169331
2013-01-01,16186.0,3025.0,1.826788976631186,1.985087969745942,-5.2271748947053105,-0.5835779664886243,0.5516068948686245,-1.8265442926917053,-213.91214662996586,-55.39844519378536,233.85119960548343,-0.6081181562645653,6.455361141302385,-11.6302953553032,5.251155979331843,-0.10524583738010292,-13.289125949914759,-16.82055254997956,10.549783177864489,-1.2333825728266663,20.97303602025351,1.729703951395356,1.0341407955411612,2.0320522606851257,0.733785907655996,0.052125166047223795,-1.8265442926917053,0.006376875532039028,0.5358959426799531,234.88518265021938,-0.10524583738010292
2013-02-01,14314.0,613.0,1.6779434687738322,1.840894058868587,-3.9303239110658583,1.0244699061966456,0.6967549971941035,-1.345263849314865,-127.70007285905689,-177.97765763138887,211.16751774430412,-1.2109328479073913,5.086125001539887,-1.1484962334795124,5.275679362697902,-0.4472623655952343,-14.769664174592279,-6.652553360445845,10.621365869354465,-1.8313252492542458,20.18468201709358,1.5721344524187941,1.0146938969525419,1.9497864218595833,0.7365052239993927,0.048216472146854754,-1.345263849314865,0.0160804787268527,0.8137955406303956,147.88475487615045,-0.4472623655952343
2013-03-01,12129.0,289.0,1.5109627755262787,1.692018229861042,-2.8847859071115534,0.6165404323947188,0.7460527817746209,-1.0466939323048163,18.64317595739522,-1109.8066999163912,359.78391160157844,2.0014826020687595,3.506209812524297,5.878109953286681,5.099828434803831,0.6725559211193289,-9.894235905662384,15.118361221584475,11.268764924952952,-0.47230895047028576,18.689443391013416,0.69377422476542,1.0335778543330454,1.8015761113902866,0.7390852168522108,0.055269827209116135,-1.0466939323048163,-0.004079294738019268,0.8679903135346673,0.04626743361819763,0.6725559211193289
2013-04-01,10765.0,337.0,1.4774446325346449,1.5759654088757298,-2.2403897420886776,0.136958506645124,0.7477001776244209,-0.9448225398455068,-52.51789901922081,-72.2294007649855,358.5771914946615,-0.03281785205918005,8.820739203763782,3.667638600769507,5.146162620106894,1.3412195024883675,0.06725090459611671,-13.976825257094161,9.919195797029808,-1.8306470795303416,17.57921522493642,0.23967375029434468,1.0895487886670547,1.6517654890220304,0.7419913626472243,0.047310113606480256,-0.9448225398455068,-0.004795819257495948,0.8289086254510971,70.09711424415724,1.3412195024883675
2013-05-01,9883.0,-1490.0,1.6737909702022178,1.2701536863214224,-0.9323274981270613,1.8050573103507217,0.9315254214628712,-0.1807441150392677,393.07634800432254,-23.297939480619856,360.45028250122255,-0.2622695224582484,4.2629337937505785,1.885353559603109,4.865787426654293,1.5764142891045605,-4.618989552750397,9.828205259193833,9.291674631968446,-0.9119200282909203,17.308754440824448,-0.51709242160769,1.1226673149957018,1.4579844261909647,0.7427353852677325,0.05311944089955905,-0.1807441150392677,0.016680988037055977,1.0965139304120055,-375.7675935634981,1.5764142891045605
2013-06-01,9458.0,-82.0,1.7160803758882595,1.164048966449189,2.880465817286537,3.8993407991200657,1.479631137592862,1.4951605265122476,-813.4364935827626,35.23614843120375,364.6531221395661,-0.05552422398410297,5.854840583833587,-0.3058014959892552,4.821378298220306,1.3781905448953753,-13.60192243325784,-5.691492183804225,9.329414880124487,-1.313804658036878,15.012215679483498,-1.3760018034209343,1.3611299755902073,1.2164303698898487,0.7815028732765195,0.050157755246951846,1.4951605265122476,0.02094283488769344,1.569704253227248,828.4487092622461,1.3781905448953753
2013-07-01,9635.0,932.0,1.7163255092250678,1.1947220794918585,5.37624692785903,1.0633043026129219,1.407260067549796,1.8678227026822853,507.00045866745774,109.50477973315174,365.27936519424384,1.0034698988910964,5.31157220235039,1.1334639554588577,4.813198185444664,1.4611590326947377,-15.669869103326173,2.987112239883727,9.201600965320967,-0.973449950603671,16.21549685317254,1.6618393493518013,1.3548511146495237,1.2862224359172398,0.7877601940697161,0.050944001004697474,1.8678227026822853,-0.02836036496507144,1.3319691228362451,-490.7849618142852,1.4611590326947377
2013-08-01,6864.0,-980.0,1.7855461294678527,0.9816742954300294,7.101054873442703,0.9012021745468335,1.3618863279133495,2.068915136338799,6.786763741480861,-1.0162042064852717,321.71289442009015,0.9238139032089359,5.5054635382159045,-1.5171568757640252,4.805819381972378,1.0604656243972073,5.206302501196536,21.846275960672322,11.295559693688348,1.0408688199874414,13.444239621958843,-1.1275232154849602,1.5209533134198692,1.076561185134626,0.7922720019744149,0.06298628019318857,2.068915136338799,-0.0016210212806608837,1.3402938612964768,6.657475880477982,1.0604656243972073
2013-09-01,5568.0,94.0,1.7405063176581537,0.926298177461454,6.753166919142073,-0.8268676756776339,1.3882423619953932,1.6591582938847096,-79.95594728246205,-79.96327751348001,318.9928995663253,-0.5621886229693697,4.8631904296718265,-0.16561983572057626,4.810342492431122,0.9456560147124957,-13.178964866500209,-13.412437614199725,11.938629521942074,-0.44188563116914265,10.357501168298967,-0.3045461419822093,1.497662743866367,0.979064875587845,0.7892329323749905,0.05446145750878943,1.6591582938847096,-0.017280698502244674,1.6118691162649195,90.31344845076102,0.9456560147124957
2013-10-01,4487.0,-338.0,1.7687386915973602,0.8136849323004688,7.014957784010267,-0.34018851756637547,1.3717479384349411,1.4631393368294128,-123.43345796787769,-64.81691229695193,319.9325459733105,-0.7580814010312825,6.208557065289666,2.7430257505813183,4.847882087451329,1.3725092393019007,-10.028478454053602,1.0999827739894386,11.930786616654657,-0.3046682209595075,9.89759782433155,1.4048345835066867,1.4769158566625264,1.0749403609963148,0.7717225537210528,0.05534084012385127,1.4631393368294128,0.004866791581112584,1.6828332212569388,133.33105579220924,1.3725092393019007
2013-11-01,3063.0,-112.0,1.712365711527074,0.738726047704671,7.6771369474241125,1.0474794287334888,1.3773289712299355,1.6977684414143295,58.75857302986884,-670.2383513080158,350.1959859702467,-1.4805631975765405,7.282476274193983,-0.07516071507199795,4.824731071020364,1.2452096327538915,-15.128640599019938,-6.875783754038533,12.083857291414994,-1.0049736267640041,8.470775375693918,0.5838051671880562,1.4355364845866698,1.0883880926140805,0.7739721850615564,0.05162281005251543,1.6977684414143295,0.013876679462998642,1.6458949530574176,-50.28779765417492,1.2452096327538915
2013-12-01,1672.0,-616.0,1.7317348901683964,0.5804052133997225,8.506839234698237,-0.46012955103864606,1.299827616799761,1.4199669423835088,-35.922134113449935,-175.97827621406356,349.11793637802504,-0.2017359023110532,7.032959405919459,7.656045857018445,4.791065709870163,2.372373791215843,-7.999394341838062,12.923159421178386,12.65503684732405,0.3094504631383552,7.9990285581956755,3.25918604580957,1.352765067166947,1.438505822141777,0.7391600747395849,0.0588409787904214,1.4199669423835088,-0.015076089797721348,0.8638912226301464,43.92116267164561,2.372373791215843
2014-01-01,-1942.0,-589.0,1.0172327359993112,0.4024009812688507,10.071782266396045,0.8502582598265862,1.2364380832676558,1.560453801427588,174.52165664291277,91.08146853595112,356.74843412086875,0.24407805109961092,4.227716942288584,-13.94638984940827,5.3463946013700925,-0.40370248813361514,-9.288929306879922,-17.98644493832111,12.799822581134837,-1.6078966892876136,4.930629157517963,-1.1605754039173743,1.3998544886892978,1.1938849813980048,0.7474326912411826,0.048694369173768015,1.560453801427588,0.013103878108652323,0.8263946498581751,-169.59102748539482,-0.40370248813361514
2014-02-01,-2452.0,103.0,0.9610600624361835,0.35613179802327005,9.09978972296499,0.13236995622722958,1.2491106876432294,1.464596850519541,-767.5985513821653,89.63083609321359,365.03779522557073,1.131685307160176,5.207742377496527,-0.21902189746019207,5.327296368995636,-0.5755475982539892,1.5132858399180105,4.4636113402887645,12.681511675236894,-1.1074816220628914,4.2279752490667954,0.8919702540741703,1.3618097344140632,1.2417859440273558,0.7429795237087613,0.050787509407217116,1.464596850519541,-0.007178883035993566,0.7512355123821857,771.8265266312321,-0.5755475982539892
2014-03-01,-2964.0,-223.0,0.9331651628664062,0.2285457126621552,8.189587288704669,-0.22288758356177052,1.279509624316528,1.2826955687340342,-42.941898355133226,-13.694160650576626,208.0517756822404,0.9390774670541228,5.4118926871213,6.083561077329347,5.346233785303353,0.5868680922860633,-12.498089607109463,-0.7708553137341201,11.860391975858578,-1.0891056821476393,3.829339125027831,0.30865520296832205,1.3576088430115,1.2046342485854158,0.7365138232826267,0.050569030721380054,1.2826955687340342,-0.003552575397890001,0.6396600820758814,46.771237480161055,0.5868680922860633
2014-04-01,-3526.0,-225.0,0.8931400507735437,0.09454321516916088,7.579403272377272,-0.4278090745578944,1.3107240341236248,1.0679478703763974,55.80157644197157,-24.170222723441746,208.35491932554393,0.5359355651685742,2.922814342170188,1.2197471177915142,5.263705955092728,0.7856919825832628,-3.1942856837848366,-4.830250661450652,11.187859081234777,-1.5026980536564511,4.1077928432614375,0.5085005588391089,1.3583443098589674,1.202856854368724,0.7271251529915166,0.04829370869966692,1.0679478703763974,-0.002049214909961239,0.6544075728889247,-51.693783598710134,0.7856919825832628
2014-05-01,-2136.0,-100.0,0.7048271480070083,-0.031135564968397516,5.3921707054846335,-0.26477511156555167,1.2761059990633237,0.9231733901155973,16.243406395091053,-42.77266638816079,208.11329224602235,-0.08024169146459129,2.5900725063846997,1.5559657576880825,5.255963180142223,1.0559424320504252,-11.852905431317796,0.004811324130726824,10.779095840825642,-1.3714844921222238,5.459774626263991,0.7748289138931774,1.3348492958726617,1.2607198235207828,0.7185123022718514,0.04837076037970633,0.9231733901155973,0.0016303396299234274,0.4958321247168767,-10.783631768827062,1.0559424320504252
2014-06-01,-2102.0,-48.0,0.7058768212052688,-0.1716561498943891,1.701113566445489,0.2605657266364636,0.6686430283000715,0.9274520537878389,-39.19828215499482,-29.26402972559028,206.1901783588647,-0.3491570510256657,0.37783018127168777,-2.4555974763465604,5.316521637295949,0.4454063194717498,-2.6261794253056636,4.1801747828010605,10.725111890481887,-0.9421144010160378,8.262594632804344,1.245142763310647,1.2178436754889836,1.413709773499175,0.7109965469887504,0.0504301972473822,0.9274520537878389,0.005253408382020153,0.4676024907370149,47.460876787799165,0.4454063194717498
2014-07-01,-2079.0,955.0,0.7234071479312776,0.08845723181760419,0.33784363156170727,-0.2914160091341822,0.6109568958344336,0.7801706184438914,-20.99737440635403,172.2197375332405,211.8067560322558,0.5891737724222181,1.4496949974393436,2.2133976575049674,5.343426998990411,0.8725624704434849,-1.9800335683681114,3.6705063544313576,10.742463548769981,-0.5641003044131246,8.444389080769788,1.832549815199691,1.2313979343476078,1.6916562113398963,0.7064616429525815,0.05151939109513428,0.7801706184438914,-0.005519817357706458,0.26934188808590653,29.44176348712382,0.8725624704434849
2014-08-01,-1785.0,-686.0,0.6705044170122374,-0.3935194076801732,0.45464974972999617,1.0186641143090647,0.6269194794171971,0.9774110232995958,-115.77064645000208,-119.75932364283695,211.45097120495186,-1.1772640567901125,1.3531472882109874,-1.6108810895448578,5.346324868231246,0.4526864900899241,-13.743192358888223,7.223774603679556,8.723121328041964,0.14635568755254869,11.310624104333456,1.4857217686810031,1.1065079549183319,1.9115850982949465,0.6958494896277981,0.05582538968709406,0.9774110232995958,0.013100801234432469,0.5463382607782256,127.08127055433553,0.4526864900899241
2014-09-01,-2276.0,-397.0,0.6684799641320182,-0.7972889480835854,3.0729142322973857,1.7579951518434722,0.7366140899776016,1.3424530435768698,47.54730096624111,-287.4599327597778,220.42716424891165,-0.25146150423556446,2.673280721698301,1.1347315257578483,5.3503133906549785,0.6492232753188318,-7.304671662445217,-6.949228185036804,8.051223415730323,-0.49550266937833587,11.471601065500337,-0.1603669916688255,1.0929089698946834,1.7890904426561587,0.7048781285155816,0.05226591849595814,1.3424530435768698,0.007393310375344075,0.875390858121009,-36.07569990074077,0.6492232753188318
2014-10-01,-2861.0,-923.0,0.7451404343559218,-1.578727752689617,4.944764185712147,1.4696779722884745,0.787215483565005,1.596582055035394,889.902317762334,136.04511797373635,229.90306282859527,0.48259785765565905,2.2737865629877563,2.343260219110088,5.3353385159224205,1.0965172714730367,-8.483120023261826,-0.1853151057994662,8.039147993009385,-0.45085410074545,11.042784808140048,1.0147438229120898,1.0827534987348337,1.9027777258498715,0.6979129697449405,0.052927003677994494,1.596582055035394,-0.002883171795549977,0.8842789728375985,-878.8595329541939,1.0965172714730367
2014-11-01,-3029.0,-280.0,0.742797537071481,-1.7810755337832505,4.536966718784896,0.6548261461218896,0.7659948737359552,1.617345191298724,-31.516502664833745,-139.4502729324734,136.68427242793356,-1.5221651416836899,0.15795463821741684,-2.142397806234031,5.382597303170467,0.5378715579937875,-7.89231862968347,-6.274605952216716,7.997074784007234,-1.050391592473628,11.033789327318534,0.575656959342763,1.0829600478069425,1.8980102982615938,0.6953839596990936,0.049825642627950195,1.617345191298724,-0.00814851826166585,0.7637364718034209,42.55029199215228,0.5378715579937875
2014-12-01,-3355.0,-942.0,0.7957016162225267,-2.1994591825178493,6.32797773987972,1.245267215370549,0.7554787250021608,1.7997073207028926,38.0382511782509,-253.14504638684534,145.76057844281522,-0.08139982708378464,0.7949352160403711,8.340712497265246,5.472245460448757,2.153900484536258,-12.418854880454788,7.373668140244671,7.286920446661088,-0.19219815799976708,11.258230220407771,3.4679115524881787,1.1254655389566384,2.3441075160470706,0.6703120055309676,0.05430845116803669,1.7997073207028926,0.005904410692486595,0.7265060551074204,-26.78002095784313,2.153900484536258
2015-01-01,-2455.0,311.0,0.8233098135424249,-1.7697186328685517,6.9988591586901405,1.4865777477629516,0.8020293717976945,2.039136688589671,-46.25294031325124,-25.599846370326183,140.3730514005482,-0.3136201086119792,1.5613500556485471,-13.292063680341236,5.319493852093431,-0.962631660795853,-10.933996319119988,-16.595979796393433,6.994676874506603,-2.043190953242547,12.12670351244951,-0.3890423650364072,1.013608127349456,1.9787118128269992,0.6863423650859684,0.04507046984404462,2.039136688589671,0.002413105323924025,0.3916908442588962,58.37964382570075,-0.962631660795853
2015-02-01,-3281.0,-723.0,0.841463766427575,-1.9544958267506891,9.45282918244359,2.428860182497239,0.9490727823065654,2.4003221878133147,-49.49244578725632,78.20118514775763,139.41358608992672,0.13654225580615068,1.23394541323687,-0.5406871316979256,5.322960003085558,-1.2583313341865108,-20.650249084529403,-6.932373778864232,6.999919245608834,-2.3088457077250184,11.896915556871202,0.68520630888802,1.0166784901408985,1.8713352968961265,0.6901666007087709,0.04243598296518644,2.4003221878133147,0.009422824347342873,0.5846945955754097,61.38936134412752,-1.2583313341865108
2015-03-01,-3631.0,-573.0,0.8529472222613278,-2.029304321469624,10.166148881491633,0.42737408927391307,0.9054355342753168,2.2466918965262526,47.45946140351993,151.9744379788956,150.62707533832432,2.110628334733864,2.9365622876686315,7.867741872148537,5.522284570809814,0.5149805892781998,-17.84692768962418,2.7347786811789065,7.113263803354289,-1.8515643879324077,10.38159457857255,-1.0497362127157683,1.1596397663341722,1.498512913410019,0.6939847043800049,0.04400387749813594,2.2466918965262526,-0.020014860932233258,0.7095596563634958,-37.07786682494738,0.5149805892781998
2015-04-01,-3102.0,304.0,0.8979375921116155,-1.7213330624065606,11.651174233952144,0.9144111031065272,0.8166618264303841,2.2387598043303774,-0.690590043471373,-48.93097827163078,150.6806725399222,0.5091923026633893,4.197966387337093,2.460113039717049,5.55084021890878,1.0659097156698023,-22.53683534689962,-10.263246940367354,7.514311525071574,-2.250851291168105,10.488711393864003,0.6060362986577417,1.1575015220838716,1.4635566898133117,0.6995627619546005,0.039292862144087004,2.2387598043303774,0.004870370138326141,0.7168955257561735,11.179301437335376,1.0659097156698023
2015-05-01,-4216.0,-1214.0,0.9991733265247932,-2.0789204751662336,13.041869922172022,0.9774988561524589,0.725711393416092,2.203458051679751,150.7950926300055,44.52139470400625,152.31668418857055,1.1393134796727948,1.2831354658878302,-1.2849579139674439,5.561793525494572,0.6797040364799344,-14.834737454393366,9.94820635568454,8.247985434791726,-1.4754827168504838,10.201050804499822,0.512458701472962,1.1613309526157947,1.420711425165919,0.6889548663887216,0.04406993781408704,2.203458051679751,0.0006308775304593173,0.6795919645277817,-140.59404182550568,0.6797040364799344
2015-06-01,-4564.0,-396.0,0.9877204350221658,-1.9968463323078105,13.134170657305022,0.34243029529399394,0.7181747142519007,1.9943023795152908,108.78663519862322,-41.11238355492094,152.37306197583402,0.18364493351586375,4.08530326801726,0.24313200879853003,5.496501947772618,0.6907854863527021,-1.7652313679722753,20.167719325144184,10.217834071937709,-0.1447759434229442,8.65759490959328,-0.17287831078880433,1.1858958671236306,1.2821138145671438,0.6879719297443637,0.05330726191467201,1.9943023795152908,-0.00635068560858465,0.7734354502811522,-100.12904028902993,0.6907854863527021
2015-07-01,-5802.0,-283.0,0.7442202512200548,-1.924191013716946,14.183103165379007,0.6330400988161733,0.6032204161391033,1.8792565704165887,4.032611636713179,35.63957390137751,140.73842769677563,0.6921080132672605,3.6026649356624363,1.7394392576076223,5.484585561201075,1.0571244083216071,-15.3275763513377,-10.64229950197262,10.619476322536528,-0.9067023631938216,7.792288562919114,1.021595443106138,1.137657334143,1.3513223066561046,0.6820942728713059,0.047859818313912846,1.8792565704165887,0.0029060980352217936,0.7657283620046229,3.759676926205935,1.0571244083216071
2015-08-01,-4237.0,879.0,0.9768468876366578,-1.38799652838545,15.060740389821259,1.7951164748806425,0.6330795388118038,1.9717777538139991,-540.5836635511278,-16.318209618210787,138.49831974995917,0.42655751441937473,2.669377027027142,-2.4972036091193472,5.520538722353932,0.3822515854712973,-15.722239879292621,6.72399780100621,10.585790682106147,-0.37495476602963185,3.5587800957545213,-2.5000982573335273,1.4143115266739887,0.8140595194405648,0.7226222850099089,0.0503371877691256,1.9717777538139991,0.011620763760644692,0.5285724291277132,544.1424436468823,0.3822515854712973
2015-09-01,-3014.0,826.0,1.122264923240487,-0.9294950247933409,12.383544685511083,-0.6096766237488227,0.7862321048992956,1.6533148344148212,-82.842523975674,-92.69982169578466,115.07595652835701,-1.0222101384686346,3.187917402306506,1.6455210440904589,5.528981719081667,0.7306601212001976,-18.98685344688513,-10.553676282696268,10.82131467430422,-1.168737838244234,2.8723655815769966,-0.822130032173074,1.4464709036972125,0.5952945067753604,0.7340388332868647,0.044419440674715246,1.6533148344148212,-0.024047930986294652,0.7957688226329682,85.714889557251,0.7306601212001976
2015-10-01,-1358.0,733.0,1.1565398076381384,-0.5159788677655995,11.779910218510171,0.9246640634376968,0.770996120070805,1.6456643499251156,-62.3079735258642,418.5505620490051,166.17030357938478,-0.5683088401468033,3.2733526269074886,2.427996103342811,5.531733003554751,1.2405479739379013,-7.40045143153224,14.090060131746007,11.693507789360192,-0.0338866123344848,4.748209126329073,2.856714249602943,1.6225087612367433,1.1030410288024288,0.7288436963964253,0.05008067741524947,1.6456643499251156,0.015343406871865195,0.796395304436261,67.05618265219327,1.2405479739379013
2015-11-01,-1054.0,24.0,1.1547571533902898,-0.4413656822621056,14.070335192870619,2.717292712290309,0.9186076657003908,1.8944837587058696,-330.2089155279374,140.9476326590655,163.03635343276775,0.20535754164017445,3.9419161685330772,-1.5088943570528257,5.508091142821667,0.8116874392031407,-6.529176613652599,-5.392737985341045,11.65331942854935,-0.47397272869319845,5.9767342990080685,1.7552449194983666,1.6692239751574232,1.3999623764387354,0.7360185819649682,0.047361674869511865,1.8944837587058696,0.017926286488526122,1.1609151035638743,336.18564982694545,0.8116874392031407
2015-12-01,-823.0,-711.0,1.1216661135807044,-0.7487988490938855,14.221396814677355,1.3793447933837077,0.921255163294403,1.890356336601082,94.73040589944179,29.54318895950898,136.19840788460928,0.6304146174942828,6.506479636200013,11.013807660153962,5.895880706522694,2.8706162384743794,-2.917866282384962,11.522124557047842,11.947984214262318,0.6824854291598031,4.9027025483111775,2.419305715360487,1.520406070411818,1.768004225492138,0.7202166447288808,0.05342953124699227,1.890356336601082,-0.013379479189066013,1.1259717592146754,-89.82770335113061,2.8706162384743794
2016-01-01,-2638.0,-1504.0,1.287445132129059,-1.4319876145380643,14.366874339757608,1.615835632636875,0.9266950159810269,1.9065132234644357,118.74905964063092,-16.423100088365427,135.72213159671637,0.27325767539862156,3.5411381430281663,-15.70617634498136,6.433038997283472,-0.7684396942432907,-12.306833244853188,-24.662114730205765,13.156853790374429,-1.7902967306122939,3.519984647892338,-1.7020100088994905,1.626681705079836,1.291469512426063,0.7263140312762627,0.041261999054787016,1.9065132234644357,0.0023649083925316727,1.1088339476920224,-115.22907499273857,-0.7684396942432907
2016-02-01,-1698.0,217.0,1.2757007511715224,-1.2149923661278443,13.882614625665202,1.9951491902790552,0.8785924670441122,1.9568819782850555,-42.632927011343,-53.26663158309747,139.11801965880318,-0.5990943808810546,6.424292199242898,2.2288064866594404,6.4424385908678605,-0.41162424492974103,-6.463455679845542,-0.7308725762955159,12.992205117663152,-1.6495423457562939,3.5749330559329495,0.7386500165811105,1.6279025128384201,1.3736718426812908,0.738033687569472,0.0408127734651299,1.9568819782850555,0.003793135576421802,1.1293787194632896,46.20786006727595,-0.41162424492974103
2016-03-01,-42.0,1083.0,1.3778572636473325,-0.5652225316659676,10.211242707530266,-2.810224926654359,1.4272629865101476,1.386715135998289,-21.780285664143094,243.56587379914566,147.70614864993553,1.424933505731181,3.5493811072874415,4.953837901879665,6.198809127422181,0.6289566627758836,4.582572724569722,14.867055874886393,13.65852021545169,-0.5209306783900279,4.820094057656088,0.13982776712873068,1.573188923284891,1.3326242990030608,0.7291782459314832,0.04605192805950213,1.386715135998289,-0.04805374116933414,1.9483728926453547,26.600379721799182,0.6289566627758836
2016-04-01,-354.0,-8.0,1.369117760693622,-0.508107841291424,5.820444992275364,-3.1060023757947475,1.8213095497258236,0.8490562919070391,-97.07903422180483,-98.09292496065676,151.44503917002788,-1.261978250141352,2.7663018509724413,1.6852712370609702,6.180273773899919,0.9440242340420861,15.812091864060074,-0.627792774855862,13.195116707690598,-0.5320731050336471,5.7734350484352825,1.5210503442526058,1.605690163360244,1.6303194436326354,0.6958534364178822,0.045768792323122746,0.8490562919070391,-0.002957774491403886,2.564666932242445,102.85246927024012,0.9440242340420861
2016-05-01,206.0,-654.0,1.2749755142132981,-0.8210440244794487,5.817495047604937,0.9746839177480204,1.8212409346323608,0.9198893293054363,-62.86736784219369,1737.2210412519382,510.049777511054,-0.3419422603240128,4.873513620413261,0.7391832174920454,6.157336576020031,1.0351674862468665,7.356172078407042,1.920433101995389,12.960196351370717,-0.3400443018623792,6.990743530405075,1.6692204958206114,1.6420841295506867,1.9433968789119531,0.6837233442500196,0.04715101979840776,0.9198893293054363,0.04080686293542768,2.3232892241742698,69.85811137259876,1.0351674862468665
2016-06-01,-453.0,-1055.0,1.3638221147069367,-1.3554717116997343,4.913686620673263,-0.5146145065971552,1.8441139260831285,0.7745537530165765,-58.02251829982312,-33.42907038787261,509.7371473106921,-0.6603262394754571,3.5785254225590313,-0.9946797931135842,6.173846300669697,0.7399210107251755,-15.487977749933002,-5.402579351196635,11.625565004208688,-0.7324948558328238,7.165257046764695,-0.010049439251025305,1.635985383876732,1.8146235209294446,0.6684338408922561,0.045393670182989725,0.7745537530165765,-0.014892984243451757,2.2263671246167793,65.18777534658781,0.7399210107251755
2016-07-01,1352.0,1522.0,1.5472525832731687,-0.34911981465584857,3.69310309171742,-0.5377416663645329,1.8624791920835178,0.6269417475421196,-81.86568097103341,-41.40355241771672,512.354018601095,-0.8541553836437494,3.5806298593316965,1.7415063291007726,6.173884747328319,1.050421959708664,17.245923397760542,23.96847014962351,13.14038659022839,1.2044222158617301,9.807951174523621,3.512786939412016,1.8408774947811033,2.4326284026757774,0.6586892505739582,0.05487173680817045,0.6269417475421196,-0.0002312715976737767,2.0181296969152447,91.67363214555704,1.050421959708664
2016-08-01,1156.0,683.0,1.5239888039020555,0.2568441451996713,2.9239613640874795,1.0400530288525278,1.8203415893200108,0.7483219949979889,-5.020932063063133,338.28601675424466,509.9169828381692,0.3493016434342831,5.773702181938578,-0.4328148867104531,6.111913878715285,0.8756575863210139,6.848768596031962,-2.7400918154144915,13.124482201748,1.0508726210774524,13.140355129319481,0.45878636517502347,1.5310103886924262,2.219924419371701,0.6699078964134467,0.05277809121802037,0.7483219949979889,0.015777946952170607,1.7911018335548603,18.161287192382613,0.8756575863210139
2016-09-01,136.0,-194.0,1.4807655188091926,0.22980375334424497,5.085475818922647,1.4776276132941746,1.829831403834391,0.9667955834126019,649.7376243483245,-42.37447831394143,507.3621988215404,-0.40154019629069715,4.509055365017667,0.4302314022325282,6.103972019459522,0.8971804420886514,19.569536537902653,0.09526185867900772,12.595438562871578,1.0952776976354532,14.203562728821106,0.109868678027647,1.449145080035107,2.004407014013874,0.6769278169845009,0.0529948112154311,0.9667955834126019,0.004375745844416468,1.6936601010217736,-635.5340616195034,0.8971804420886514
2016-10-01,-163.0,434.0,1.4522923158352563,0.7702928053667226,4.235267817058697,0.10811966181150101,1.8249266437106246,0.9309179251928072,189.46519798642095,100.20649389171949,504.2697650611989,0.6018929867972509,2.18080649732737,0.14610899686706702,6.075563732364842,0.8669479468324368,14.525361449652841,9.27704290514626,12.255919721885565,1.9642103573404694,10.996323085723535,-0.03186578781153582,1.372776949556116,1.799133806376382,0.6826536011338029,0.05750584328793498,0.9309179251928072,-0.013695079514826736,0.8600729075909697,-178.46887490069741,0.8669479468324368
2016-11-01,-832.0,-645.0,1.4819466071131382,0.2012603194829651,1.9855849887386645,0.5003719480828783,1.6704505979475612,0.9900818638996091,-15.69663276329214,-29.82680853459464,508.2376531680061,-0.09960226174644737,3.518172183481094,-0.21982031669806057,6.050899908694971,0.7524824827046022,15.803198219536508,-4.337140896887448,12.202952199471598,1.3954009586888378,10.007487712093631,0.8487357412523044,1.3449998629981177,1.8017626264066382,0.6732192567488227,0.0555899648608531,0.9900818638996091,0.003922522862713773,0.8202882764731698,25.70412047538577,0.7524824827046022
2016-12-01,201.0,322.0,1.4533706698985074,0.6225403539070486,0.3751618897458675,-0.22150535258591564,1.6291017519851778,0.890242012555785,-25.021510785796764,15.214289945286597,508.63440380676377,0.11863989160775201,3.4794387787502767,10.972269612755037,6.0443252955575515,2.620297940571066,25.287216558130154,20.655532707424218,13.10701798454671,2.84271614851662,9.673421168470497,2.1082826734548643,1.3137217803615107,1.9908578678535764,0.6613105540374008,0.06672225147288055,0.890242012555785,-0.00721877300668794,0.7657236871380921,34.69493195426726,2.620297940571066
2017-01-01,2591.0,886.0,1.2710806486165964,1.6888272727616216,-2.8314168721316757,-1.6303776164930395,1.613720494430625,0.3978744602526905,-36.15297828549675,-28.831106102386382,509.0749813625529,-0.4311378682385762,5.01626211264572,-14.454287886509142,5.743199334983001,-0.4943628803698615,33.20857503957537,-19.89883230722096,12.247289152631543,0.7381316703114381,11.211386516892796,-0.32356388389307433,1.123424003563185,1.7118723716026516,0.662014319670181,0.0526885337295434,0.3978744602526905,-0.014088722639071238,1.092127820196302,47.364364802389545,-0.4943628803698615
2017-02-01,2093.0,-281.0,1.2923763952738234,1.3031884951119588,-7.019008747147614,-2.400449101796398,1.561483016842136,-0.3857632876216424,85.63333051742288,35.875888844423834,506.0731503880457,0.03837461732353091,0.7875270432218695,-1.8876849061857603,5.757790943506139,-1.0010916362884847,45.56923337741203,8.480484629612906,12.27486699253725,1.3059415066185716,10.349378048114733,-0.04218342293700328,1.1554684443237322,1.5353353763090574,0.6434928238319452,0.05741461581613251,-0.3857632876216424,-0.007700714853033586,1.4235671611545586,-75.28395246930815,-1.0010916362884847
2017-03-01,1206.0,196.0,1.2030554800247077,1.4088778708701881,-4.2156079391650785,0.12007179633199971,1.4045165985397292,-0.45533708620339153,118.11046796735619,303.6738084861982,507.02331913426093,3.7711331241449244,1.1639555060952045,5.345827000462466,5.788100981939034,0.06960016750066948,16.939480879345336,-7.724361992605733,12.16430349653261,0.5788750611141741,11.42511387632057,1.1160362647651523,1.136665718359402,1.5891982183686566,0.6391594217664669,0.05281352413983965,-0.45533708620339153,0.025205208981283977,1.1555379642585026,-106.68535409103562,0.06960016750066948
2017-04-01,1725.0,511.0,1.2154595932315275,1.7812412092238512,-1.6412456880492088,-0.501817659718673,1.110169669447058,-0.7322114729641261,-2362.3249849599338,-119.78090987519865,508.17335223678793,-2.012042779122321,0.31223892963108124,0.8291656146425463,5.77414095861871,0.22699348854145995,11.954886744611315,-4.863574544753524,12.307225486324299,0.11957712019944522,10.240558499684816,0.441784621800867,1.1266987397387158,1.5198517065889499,0.6383325770913539,0.04983734412658958,-0.7322114729641261,-0.006218894560506727,1.107974828851886,2372.5655434596188,0.22699348854145995
2017-05-01,2795.0,416.0,1.1471356930348493,1.9348201175658597,-1.825693327152056,0.7853307464104065,1.094239144788784,-0.5454110109107944,-302.0091793468327,64.05048668487848,140.3646766015195,-2.203785917035923,3.6583594293286392,4.099545319700737,5.883923265904054,1.0577563520004662,24.100078630461642,12.977058257951658,12.738160741840213,1.0840466289741975,10.41998534881008,1.8346966883839855,1.1389632690637859,1.681213200168894,0.6359265342062417,0.05593540235406219,-0.5454110109107944,0.012871484061290794,1.1733307387409881,312.4291646956428,1.0577563520004662
2017-06-01,3037.0,-813.0,1.075422494988846,1.0635446590694353,-1.4705375603032866,-0.15471577573168416,1.0881900415128833,-0.7093567649783069,-214.11400468980509,-62.394405053642934,142.1080766858632,-1.253762613582485,3.970161662830729,-0.696873806803866,5.877833613863607,0.8256935945698508,43.11338773907099,9.090642728288456,12.602930633793546,1.7226154044560684,11.371561728051184,0.8516430778646722,1.1075536816072147,1.6613217900758595,0.6215093239445173,0.061812761238631816,-0.7093567649783069,-0.009400465221420906,1.1784175309720115,225.48556641785626,0.8256935945698508
2017-07-01,1964.0,449.0,0.851282110908983,1.4069100885246077,-1.5101474248514934,-0.5777265245247465,1.0896526493153778,-1.0434651689931635,142.560243290286,-224.5523598978112,160.76985495134065,-0.12754611405336236,2.230237043494121,0.038877913032031586,5.865398807463961,0.7741948514700546,2.842694412069724,-10.915032522503276,11.48885148759619,0.6418428521495175,9.287620161796939,1.5758957259387474,0.7884633542866193,1.745903788956803,0.6126952277032673,0.05467373583031721,-1.0434651689931635,-0.004230107487930623,1.0734360127537335,-133.27262312848904,0.7741948514700546
2017-08-01,236.0,-1045.0,0.9681600119706446,0.30143784711925414,-2.748646474013472,-0.23051451015388968,1.0264481445043836,-1.148905089148322,87.62271033195694,239.01850216078714,145.21794376530897,1.2561466821453116,2.8604537858628376,0.1809849915215045,5.860649353470544,0.7472190646938084,24.76624787150612,17.993347820083706,12.42237501405084,1.8788866786642966,9.34096064080434,0.5078177172832321,0.7869671122538144,1.6835312498553188,0.5981140546043103,0.06559861236170825,-1.148905089148322,0.003472120143708568,0.49833220580999477,-78.2817496911526,0.7472190646938084
2017-09-01,2785.0,2355.0,1.4438420590362098,2.2829616840294302,-4.024745611618485,0.1460727465649958,0.888045699158168,-1.1238842644660494,-107.63812029347662,-102.34593491285628,148.58476180201927,-0.7911540765333432,3.3530884903673286,0.9112269213963131,5.862529191041034,0.8811607689389721,34.52036501203577,7.920622691739054,12.485932832765169,2.2163641811883408,11.874515160227705,2.429528289043037,0.8932187763677466,1.9390354507432996,0.6069907621567611,0.0682039883515261,-1.1238842644660494,0.003765872567188855,0.5006656249564155,119.51263545370432,0.8811607689389721
2017-10-01,1551.0,-800.0,1.511746517390935,1.4379935413201737,-3.9843125723163286,0.15029381974986933,0.8900533534782519,-1.059721836486497,-213.52125020671818,2875.560820311046,840.549016250519,-1.8937801598812491,3.6096132717437612,0.3946739801816923,5.861840192274284,0.9036271851935428,11.419451239481315,-9.488885549223125,12.828995639719999,1.257246814684766,13.402238348095597,1.333267607091826,0.8432998085558365,1.958864384311096,0.5924478329129832,0.06250918416649623,-1.059721836486497,4.221073184873525e-05,0.462420117233474,226.9234885548138,0.9036271851935428
2017-11-01,1619.0,-577.0,1.502196611321989,0.8966812532571222,-4.771553041601884,-0.3236388161515724,0.8506968310292311,-1.1174462886381207,-167.9978547111282,-57.96710775126375,841.4307510662525,-1.0639802126807407,2.0320544102139904,-1.7390722634414546,5.894163142634383,0.45975996416228165,23.50689819599068,6.040936918552031,12.737625315856956,1.552144517952667,13.641752915292926,1.0617363102473965,0.8407594505359489,1.9195352117791198,0.5790218991078975,0.0668925778133274,-1.1174462886381207,-0.0047393263590144175,0.2814547253214796,181.63960762642114,0.45975996416228165
2017-12-01,1935.0,638.0,1.5175132639330065,1.312056416054114,-4.393438629707546,0.17467549492691248,0.8659425414160546,-0.9581917898815039,-53.065802139828286,-179.5244247569815,848.1124292976779,-0.08911391740004602,1.4188219270174995,10.305304698111817,5.786884338332602,2.4750497115148287,11.385500809787708,8.81397826671706,11.614272725289739,1.9524775686032447,13.895635077527157,2.336398404883999,0.8683814493923503,2.0324804482298933,0.5725322477522624,0.07205854240275301,-0.9581917898815039,0.004983143110784849,0.31410174696476423,66.96143721735544,2.4750497115148287
2018-01-01,1718.0,669.0,1.4944776229496697,1.7051451163592046,-3.737524950099702,-0.9555078161944786,0.7957300433051632,-1.2787664889875576,-46.428074280954824,-18.76595592944016,847.8396620829008,-0.1415404750421894,2.872051765495809,-13.22850376641097,5.507269224308444,-0.614669656395924,24.20594665680198,-10.67920609714924,10.29778896954828,1.0448247020838053,16.334149660184096,1.8105165209525653,0.7640259021640867,2.060611150466751,0.5628343267083513,0.06369349978502209,-1.2787664889875576,-0.01130183311121391,0.4394366738450441,62.76222394113892,-0.614669656395924
2018-02-01,-406.0,-2405.0,1.883224518716073,-0.32805475217647584,-0.35124584908700074,1.032865066611266,0.5595029086034722,-0.8153967259538376,-22.573426231661376,96.37906216261494,846.7633814568902,0.18180149932732315,2.714131636332495,-2.0382983060958315,5.513074336366479,-1.1290827038914113,2.3402694284057723,-10.61682372266165,10.723335471732298,0.202702613634355,16.13092249184116,-0.2168023467529201,0.792453327407272,1.825293588292444,0.5485646247244506,0.05914375944717573,-0.8153967259538376,0.019883728828057445,0.6558300050017868,38.704348723502534,-1.1290827038914113
2018-03-01,-455.0,147.0,1.8820421563091452,-0.23153003941140152,-0.362747448911549,0.10851579635973163,0.5592349810097064,-0.6968978036074029,-62.65982135810306,94.6780205853989,847.3591657376074,0.8452462955505375,3.8812884652786206,6.542888197649033,5.621125466189126,0.25707270740358806,27.010516982575172,14.519695459811711,11.049964224847681,1.135452978066956,15.068539235978085,0.19101146067408425,0.8502797174009038,1.6939907983877258,0.549414918514906,0.06757074742761573,-0.6968978036074029,-0.009243492702515343,0.6547643993938989,77.72836059408114,0.25707270740358806
2018-04-01,-2808.0,-1842.0,2.0355556203449527,-1.7163220756119568,-0.5153757324322772,-0.6542329099910815,0.5725264377175313,-0.9982551343606533,-46.88190817961756,-128.13923835550597,847.6645723712504,-0.836715071064941,8.084185728138804,4.9085780905467,5.766517717175742,1.2919240230501623,21.235331002491087,-9.189441122871866,11.380013349086465,0.31701252529453483,14.299207984780171,-0.2297543092458887,0.9223150711477603,1.524697092920771,0.5308322907234795,0.06323922102158532,-0.9982551343606533,-0.0076274870635081315,0.7058811189876877,61.181116164397736,1.2919240230501623
2018-05-01,-3349.0,-125.0,2.01126969745429,-1.7466923516367274,0.02291571184533936,1.3306600538174562,0.6592072942904881,-0.21438119953859186,-104.3594435023341,-113.46375224944951,852.1010148709112,-0.39300043087989334,6.707248950005296,2.773370805158848,5.7101039516714005,1.7331346919267971,19.565759617168,11.421214246921728,11.254304932167585,1.1397092619537739,12.05775847171977,-0.1623191731364937,0.9617135873000804,1.382563766311874,0.537651496465779,0.07060854472757479,-0.21438119953859186,0.019848929638085377,0.8990605937866177,116.41720197405387,1.7331346919267971
2018-06-01,-3522.0,-986.0,2.0276837964549257,-2.431793376006117,0.09639512822083862,-0.0813668520332489,0.6579417362176033,-0.2289834753753091,-309.837184490758,1710.1053862536535,950.173753350957,0.43455758205181955,2.0717300433597208,-5.010746795631871,5.937056667321259,0.5320247502673933,17.33781951728084,7.057891728043764,11.153974201163821,1.7010273728251775,10.912347388286747,-0.17922342651012224,1.016501054685563,1.2600879692226794,0.5293440713364709,0.07685361368964268,-0.2289834753753091,-0.014120269058507051,0.9050122365393719,320.74953187904475,0.5320247502673933
2018-07-01,-2253.0,1718.0,2.231896868585452,-1.0766336000932402,0.851796181419795,0.17258711063268262,0.6321569533626451,-0.11342951993714168,93.04758085316405,14.586610691414958,939.4929613796188,0.5290687291558467,2.607024074003461,0.5635110720506598,5.936596566492009,0.6093614720754519,18.875270631417827,-9.747772187646254,11.036465631108731,0.6388535245891933,11.466770478834176,2.0836482292406977,1.0581999202797612,1.4498348989258754,0.5345394658951902,0.06740206618460089,-0.11342951993714168,0.002539539626659315,0.7356998743480536,-81.58081037432987,0.6093614720754519
2018-08-01,-1730.0,-522.0,2.1987450667623523,-1.371604248175313,1.438858288735223,0.35024742582674406,0.6290704359875565,0.12420419700349013,-80.3983582914783,-65.57678069548044,947.4105982565758,-0.11706467174009735,2.3202833784494503,-0.0989760109244564,5.938001110375579,0.5417108587183322,-0.2181942987714458,-0.9584647531443502,9.830461093035431,0.48865261933568255,11.369064688023656,0.4197179565157638,1.0615730072303848,1.39124032805541,0.5295833165244921,0.06733416894278357,0.12420419700349013,0.0017766031519406145,0.6509765262595496,91.76742297950196,0.5417108587183322
2018-09-01,-6419.0,-2334.0,2.035405299402532,-2.5246553314006515,2.0072393079015205,0.7072100449676988,0.6515629636939892,0.6388954093001036,-1315.484500124412,45.46983192932672,942.0283226035417,0.045444907755159525,2.390255045983669,0.9802350064746168,5.938620034867662,0.700892306547432,-11.435598999579167,-4.211742440249189,9.610854671661347,0.02347000582827366,8.713390791067077,-0.012976057355040815,0.9735066312476748,1.2836158402232605,0.5127432891326563,0.06709636773321741,0.6388954093001036,0.0035696261914095473,0.6786361463012868,1324.197890915479,0.700892306547432
2018-10-01,-5068.0,551.0,2.094818703814598,-1.9084491459530684,2.5488304461502853,0.6820258026345893,0.6681420541238852,1.2032456476940205,-117.4074294175369,-57.385828489091374,510.6235325475045,-0.214577003128228,4.08443549632711,2.0558349363629436,5.958758715252607,1.0615114237900638,0.4053052697666537,2.6122908762614028,9.218714366893977,0.23442814189774355,6.583955524786722,-0.6516087004154292,1.0239862143476635,1.0981705262327917,0.5245677367390768,0.06820055500608203,1.2032456476940205,-0.0002518424233310945,0.4958504350441205,123.99138494232362,1.0615114237900638
2018-11-01,-3596.0,895.0,2.185873686811809,-1.2998156137691863,4.139799562093116,1.2227660676792373,0.7036269586737902,2.212331289062056,-162.0764834741752,49.89313346988513,508.30950327475585,-0.08554736779541464,5.060036792484746,-0.8180557060252447,5.933156666456528,0.8150563304746102,-0.7541441062076215,4.8164090133023585,9.1574349756411,0.652305537141925,7.5231612251858815,1.9522808426535532,1.0952237731267016,1.3175947701887425,0.5287833190137574,0.07040804248510246,2.212331289062056,0.00540740265044648,0.4616483801997068,169.59964469936108,0.8150563304746102
2018-12-01,-3500.0,734.0,2.2004941739061197,-0.8465847017402598,3.6301730777023256,-0.31554695520397136,0.72796331075546,2.163798592022728,15.89105341334951,48.46474609038231,500.2654904042334,0.09326342025657963,4.709016871323901,9.936759621021917,5.878932972079301,2.5754263774380526,-5.688900301709976,3.403470708763434,8.828485149409744,0.9795920690831306,6.088530347668697,0.9709720597817384,0.9626622028865809,1.3689905445623969,0.5284981216918123,0.07191551209784501,2.163798592022728,-0.015383130228832087,0.5268319161825699,-9.802523065680813,2.5754263774380526
2019-01-01,-1910.4241579399968,2258.575842060003,2.487884076849387,0.3792175521741864,4.002808657829138,-0.5993615249439088,0.6776432712546321,1.6668663154547896,-48.72565294703533,-64.05915344186594,501.7383761179384,-0.20497610753606482,1.6823927633534907,-15.736642131495437,6.431808275837014,-0.8024382645641227,-3.701351516810414,-8.796824956903727,8.638709872325572,-0.054437443603131776,4.982549716019835,0.7491344940611544,0.8759566182474622,1.3942931672425387,0.5410127745788672,0.0632144426529042,1.6668663154547896,-0.0028381456973993746,0.6845931215581745,53.70820266305516,-0.8024382645641227
2019-02-01,1369.0,874.4241579399968,2.2591570874972047,0.8202839943364789,2.2503559472043744,-0.6695439407327863,0.6950295380956807,1.049327574052716,-49.34010471425153,94.02573211112862,501.7556926946944,-0.015013127531007347,2.0822092546397997,-1.653111620502723,6.419819769494639,-1.2135334405334972,-3.8620789457256888,-10.766008870507681,8.655509242315288,-1.183542421499837,5.223861859432533,0.012558602923107287,0.8634613663408182,1.31503055639439,0.5448550598408936,0.055628974542242075,1.049327574052716,-0.0007018241578887752,0.7989466789821856,54.56396657368406,-1.2135334405334972
2019-03-01,1059.0,-163.0,2.263047781096946,0.7140602787857167,1.6233732953190305,-0.5053334379912622,0.7234080051614992,0.6158820226244995,49.35657576811321,473.953861687692,510.7996693537091,2.0913650255403513,3.3859989457573514,7.903649492964249,6.549470054017037,0.2586601773594259,-10.489911871062906,6.624606822107237,7.699924517639432,-0.6523076237090514,7.134858182946657,2.010604955600992,0.9710130035547974,1.5791570076444987,0.5300476129498735,0.05946741769495491,0.6158820226244995,0.0016421050274152416,0.7895653673263087,-42.22171758516655,0.2586601773594259
2019-04-01,4692.0,1791.0,2.1500917266708064,1.5472430050367911,2.2658154381892004,-0.026189326858760964,0.6825506303959273,0.5442130255595755,-245.9663208967708,-72.49949609204009,508.11937138830217,0.254457102682328,-0.0033697959582190684,1.46929367153672,6.412043125015579,0.5155488671795012,-0.6714080912381126,0.7717133595002368,7.216765544142034,-0.742447321689899,7.1993348925649014,-0.1697098263479191,0.9666042126922514,1.4686393501536934,0.5458780272676241,0.058272131650778956,0.5442130255595755,0.004791441111325012,0.7106795911416529,253.16565578933572,0.5155488671795012
2019-05-01,6244.42386209,1427.4238620899996,2.175106178594722,2.0227127306953796,1.7946528370788473,0.8638059329304726,0.6221994455424738,1.1158038558937127,699.8503369046114,-26.22279778950941,504.27389641849334,-0.013228716411080355,0.6896895890478039,3.4856753000191087,6.441291170643184,1.1844476708876135,-12.764167683021622,-2.1437616720993535,6.301159079763795,-1.0596635576459839,7.429824421356801,0.05234204684700927,0.9534077229484954,1.4025580212901847,0.5624121983377155,0.0557954001433385,1.1158038558937127,0.008899952597892336,0.5741045819319811,-692.4205124832546,1.1844476708876135
2019-06-01,7434.0,203.5761379100004,2.0408346925328478,1.8754912668554187,1.6722970390865122,-0.20146769969456857,0.6272071272401569,0.8959383763887988,-125.8254000761975,-158.44430341929768,158.60193161191071,-0.9331111820103962,2.8186584617884147,-3.0023071615208785,6.316878732164255,0.4749810417474738,-9.813476347132344,10.67905043279116,6.78721466639692,0.24624045999751903,8.718703707226405,1.0183670183962823,0.9263633348638098,1.540181669528589,0.5573266678816042,0.06156480933660893,0.8959383763887988,-0.010652736326250412,0.5717422858851131,134.5441037834239,0.4749810417474738
2019-07-01,5956.0,240.0,1.9563964132128984,1.7763414660218257,0.4156463227651175,-1.0655274693885386,0.7168120514548136,0.07354678826954454,-46.87979425333217,-335.6929347766958,189.5995227717864,0.1902655916457999,3.930357505337878,1.6508269420230537,6.326854973495527,0.7687656075834347,2.8518635159603622,2.926794835742741,6.202571316007893,0.5942165494558028,8.37867948347657,1.764375536842011,0.8868451568131699,1.8127530053478402,0.5437834013413155,0.06313885996433598,0.07354678826954454,-0.0086405976969397,0.6629473649806772,55.25847373680874,0.7687656075834347
2019-08-01,7994.0,1516.0,1.923598042511388,2.045956432559883,2.7216127560662606,2.654712024835737,1.0429029424583034,1.80689103699784,-53.723501623247536,-70.01167390304921,189.7311815723273,-0.29092860847275737,3.715001701742615,-0.3059825662521498,6.328961368555247,0.6482040428613901,-3.1985201914522476,-6.784701349447908,6.538623191103289,-0.4420222164053962,8.7653907213485,0.7780304366344692,0.8834450128322479,1.876699441095417,0.566489314583304,0.05754812502001363,1.80689103699784,0.037202394942242756,1.3215578481986727,62.48889234459604,0.6482040428613901
2019-09-01,9919.0,-409.0,1.2874724172899774,1.7345759022254341,1.3901427029101576,-0.5981494671555843,1.056473914566059,1.2599099966857963,-96.66999950914946,-89.53216797466348,190.40038395923065,-0.5301680287156121,2.5311235552709865,-0.17242653224400772,6.329710511839003,0.5662090742504743,2.729686697191225,1.6544138358734362,6.419214848983684,-0.14667753035175188,9.061993687274427,0.2596883229116109,0.8666125423718137,1.7963522301968693,0.558277539451872,0.05885279663017418,1.2599099966857963,-0.03252861491991321,1.3331748087751965,105.73199319642389,0.5662090742504743
2019-10-01,9494.0,126.0,1.3264817026793552,1.613808034787499,0.7754504741387613,0.07162663376090173,1.0415525693107583,1.2007686715251995,35.554169166406325,1634.693021742031,512.359077741645,-0.2217500601803657,2.7072545852833807,2.2311495013733085,6.334077746028161,0.9693406666142931,4.569784241344554,4.450285622589378,6.4978184434003365,0.49966799786970584,10.957138301983926,1.0747449300833267,0.7523640809927946,1.8829473847144496,0.5537632049604776,0.06135798688050349,1.2007686715251995,0.00669776100916486,1.3294036506679752,-24.5970308644224,0.9693406666142931
2019-11-01,7384.0,-1215.0,1.587209652913826,1.1465007596110177,-0.08815663730580292,0.355325632485437,0.9826586929487914,1.3296138075928403,-11.048669799661582,-1.63936902836741,513.2492497979673,-0.32038353697306027,2.3100877645152007,-1.2015902250999022,6.341832209682484,0.6504036260343927,-3.692188396010465,-3.4650492444198933,6.44533818079871,-0.02171760196078175,10.59249549222805,1.6172310503066667,0.7138946249165543,2.0445106937792907,0.5371128638097918,0.06030971706139431,1.3296138075928403,0.002836989987245353,1.3012263505301032,21.64116529188963,0.6504036260343927
2019-12-01,8195.0,1545.0,1.6320879656420058,1.479630807421583,-0.2626566729730384,-0.48964984457455785,0.9889583974206655,0.9117341531055362,18.013192995056926,96.97062083125265,512.830470969662,0.2515388865124591,1.2399281969790676,8.786825360354001,6.19126023957036,2.252089845343953,12.640851757403059,20.939878306032433,8.854686944576184,2.837974100481355,11.769073286630793,2.045187837950424,0.7940012832008889,2.193434730997291,0.5358902161884632,0.07128895834142442,0.9117341531055362,-0.008449754770599949,1.3242459038419057,-6.244119708426133,2.252089845343953
2020-01-01,6019.424157939997,83.0,1.4133384141179792,1.3918376419586964,-0.4934411744715428,-0.8293669174465057,1.003384809519136,0.2535917402310627,-17.639398809046657,-74.9171287148911,513.2008536250912,-0.6167399666098028,3.3023985096534814,-14.020020269497346,5.79446164020157,-0.7910244925726392,-1.1652725078171278,-19.975383609314314,10.460560870439037,-0.4753521806054735,12.191340301205212,1.1297678391606558,0.7935309891411566,2.1111371812732656,0.526147154582105,0.05697948864911943,0.2535917402310627,-0.0033971707287194786,1.283609174500875,29.83073911025187,-0.7910244925726392
2020-02-01,4357.0,-788.0,1.5007295191990966,1.0817343378652544,2.0736269277956465,1.892981066090993,1.122103704364636,1.5814253269667928,12.157150395437032,164.2206698627516,513.2461311526491,-0.10685406784728405,4.578725535646333,-0.43801116425025155,5.765274308920032,-1.007191468775099,0.9418277943588294,-8.863590819239286,10.288802260940123,-1.6045579985899612,11.670049179869558,-0.4521444542093911,0.8533775280114645,1.793550790277902,0.5323376618294626,0.05253428835199524,1.5814253269667928,0.027223479835374986,0.9973080111531375,-0.4871012155674741,-1.007191468775099
2020-03-01,4931.0,411.0,1.4781247654643692,1.0987713971802981,5.648733565763475,2.9794456726780494,1.356035298728841,3.0216545356999567,-11.209128982621653,354.3790843772309,507.0508875043632,2.4400372035133855,-17.606950235691343,-14.987386613408916,6.798913970075371,-3.0818248932911763,-24.562812167814428,-20.315882244983975,11.690779967520593,-2.978327617783135,5.802430722857932,-3.3494652946081116,1.4376291137811188,1.035394925229186,0.5706443465761754,0.04160855028838273,3.0216545356999567,0.010864646065870565,1.4750538771575898,17.011559705479584,-3.0818248932911763
2020-04-01,8750.0,5610.0,2.6049453497144808,2.1979872703374963,2.835349935302278,-2.6884520244760846,1.6335050832064688,1.1748635819774935,-47.729706154028385,-83.81072959741535,507.44847266520867,-0.3971510960098844,-39.27759154405715,-25.21869364364622,9.579986814846112,-3.7521683915868422,-50.86792159464877,-34.36759953413681,14.964157526556487,-3.5204589529083004,8.344828304513152,2.2291791838513264,1.504210357302836,1.3488408825220217,0.5879930953952378,0.02522804942433928,1.1748635819774935,-0.05667897697154134,2.024545819463628,56.074534458541535,-3.7521683915868422
2020-05-01,7129.57613791,-193.0,2.606508252072269,1.8943792309104321,2.6643659973809353,0.6961000735835166,1.6284432562772826,1.5086368512977,38.30247543862908,95.20781204549355,505.52902522618393,0.09985353320790617,-32.727955735992474,14.647839347885117,10.795271058435564,-2.360573437216258,-45.76875754431886,8.012230681112387,15.396980133114594,-2.6030483230685144,14.710397965851918,5.930704337377946,2.1144164611293643,2.190462835630953,0.5574721485070958,0.027320991164796495,1.5086368512977,0.03384552098059601,2.0344168465387567,-23.592077472777163,-2.360573437216258
2020-06-01,4936.712033649994,-1989.2879663500062,2.8050806458667843,1.3324159099263158,4.345516415337469,1.4327540934092386,1.6570293925127946,2.1690281954266095,208.43988159189615,-230.3415139114282,509.6369684983763,-2.121775479341375,-18.104189778414003,18.083294948744232,12.341428119660737,-1.1638708656508816,-28.887037790324577,45.13248774010563,20.650217290437237,-1.1837601463549499,14.964886112959007,1.2424790213373615,2.1139405287367627,2.133933474529614,0.5433908858233069,0.04075560667299042,2.1690281954266095,0.007366540198257221,2.0440655240828938,-193.47499547893716,-1.1638708656508816
2020-07-01,7582.721261590006,2886.0092279400124,2.9688093473690733,1.761696814910288,6.879609546609222,1.3371552322609892,1.6126792994352532,2.522571363840872,127.54789954354328,-273.8796940554252,504.8846704263061,1.4506750713947192,-11.01971822065776,10.444224190852648,12.761346743247016,-0.40753578491912046,-11.9961036785179,27.37423248830384,22.207986644698583,-0.010977194963202264,15.618492515551852,2.3429334744490715,2.134747802415464,2.207822235617227,0.5597837331509962,0.04989670479457071,2.522571363840872,-0.0009559886114824945,1.9335555380435114,-111.92940702799143,-0.40753578491912046
2020-08-01,6398.798748360001,332.0774867699947,2.94101978659972,1.6534580780427208,5.517846357387279,1.3467786535537263,1.4990093857286344,2.661689657334433,-280.78696961019443,-123.82574662137273,507.02596253868523,-1.2404849791879249,-9.165567027327048,1.7714190523571371,12.773555838030576,-0.2512330419981106,-6.818201026953064,-1.300174388437847,22.08596121533123,-0.05723019465656428,16.43945279400736,1.4936145800475753,2.1307412075478345,2.1365742815627327,0.5614709511126555,0.04902893529178142,2.661689657334433,9.623421292737078e-05,1.8922249332753522,297.2264224042018,-0.2512330419981106
2020-09-01,4493.889235149996,-2313.9095132100047,3.1306086954515444,1.1065887940314207,5.884150528109489,-0.2530769160691837,1.4800789168517923,2.162715502360912,2036.2055723784194,-223.68945146577755,513.5582553950612,-0.07290195047022309,-5.867006507893713,3.452710784247359,12.81207418827535,0.030972153004819335,8.740095961251914,18.627358960896025,22.626198012094832,0.8950212119738877,16.21606117811254,0.06733793611284344,2.139957657699009,1.9058020586648268,0.5423291968271029,0.06002176905481378,2.162715502360912,-0.0159985556962291,1.6029570734909964,-2019.9895112003069,0.030972153004819335
2020-10-01,4482.234409790006,114.34517464000965,3.1309348937120083,1.0706052022056258,7.019894215344835,1.1450235270050513,1.48507884697936,2.2531157505804935,-84.8494139885699,-87.69705679586414,183.94085320376098,-0.6176188825364598,-3.2539259422946554,5.069030461605295,12.877068036836778,0.44466276386451015,12.230556551904591,7.80304710790185,22.66612081173996,1.292509126040999,15.524799387705057,0.4735448168023293,2.1522268824746664,1.7858470307209386,0.5468164616625073,0.06460319967237278,2.2531157505804935,0.01398100443074235,0.6465699756424217,100.37421337627497,0.44466276386451015
2020-11-01,4952.436978140002,-744.797431650004,3.0861590813526756,0.8433245027265804,7.001272496423172,0.33786356452207844,1.4853244292653576,2.0536726816808226,377.89777812072316,3002.6078437119545,895.975309453892,1.5610160022445443,-2.1053615384006075,-0.02866059737047788,12.867156741568431,0.4415542863747934,7.809883640382043,-7.267484649994971,22.795504559251476,0.8068420170642739,16.40480921800822,2.391300018410658,2.1763248033758806,1.9081254784608825,0.5303429318149508,0.060530276270863895,2.0536726816808226,-0.008071599624829728,0.6898820170265018,-361.49296890271495,0.4415542863747934
2020-12-01,6390.911243259994,2983.474265119992,3.220235482180417,1.5161341592733582,7.37450148313199,-0.14254979343459873,1.4659466901145402,1.7676420541650162,-77.28301521851483,-90.63695459430883,899.9060897399007,-0.4880369949471162,1.0328873284909612,12.27424956238301,13.105310135258586,1.4601527580397544,3.2846235372037125,15.863493955158914,22.476852986268707,1.6295282080659674,17.1320806324768,2.6827435248432563,2.203901326475606,2.0221924032296874,0.537204301995338,0.06733170140812167,1.7676420541650162,-0.004804133579566772,0.7404158548478649,94.41509585099163,1.4601527580397544
2021-01-01,8074.883902050002,1766.9726587900077,3.2426834926608414,1.8148182465209295,8.93233791426451,0.6094441874297196,1.3951335758904941,1.7491357500340596,1280.6511723656145,1424.4406764011294,959.9988353661802,2.162688436941754,-0.9938737700337708,-15.744813876584395,13.292196860463301,-0.034898060264528435,15.678469897456004,-10.37266863957801,21.761140934845642,0.9003155291987052,16.48205629181163,0.5685483141055547,2.214892255753531,1.8694372140550615,0.5501339118526938,0.05895324128565315,1.7491357500340596,0.0075199398086431835,0.6559017669063782,-1264.1691160738028,-0.034898060264528435
2021-02-01,8417.825524229993,-445.0583778200089,3.2126252273076665,1.569240656162718,7.519135192531734,0.5711014394790936,1.3457956954161303,1.7219096251155916,-188.10844089857417,-116.86166045467931,967.7362006106991,-1.1483256450163526,-3.817400163137541,-3.2773900383886168,13.340975932936697,-0.29810394040772886,25.84389992757363,-0.8548335150975306,21.47306168639319,0.7909356181890137,17.150921176355126,0.11948062716262697,2.17960863153878,1.7025102713139983,0.5493993859297398,0.05879144031512724,1.7219096251155916,-0.00038342747950625977,0.5196192370234478,205.2593620749293,-0.29810394040772886
2021-03-01,11899.730390490004,3892.9048662600107,3.4165074059508647,2.2902246314304247,6.209279815241242,1.724895211281452,1.184412920192484,1.9749501219461134,29.948728026015846,-770.1512755675424,1015.6562644479089,2.3890369927934842,19.87358072641474,5.952286493043535,12.466069053791747,0.1653306814396717,63.09326471206342,3.270344592352581,20.076248900115846,0.9134035778908799,20.57179910432381,-0.5272110811535891,1.7330056323426866,1.4869134030145383,0.5906058209220159,0.057756800837425404,1.9749501219461134,0.011537937718023583,0.650223808722409,-9.376928921692038,0.1653306814396717
2021-04-01,3432.0769570400007,-2857.653433450003,2.934619182269096,1.449770385331429,8.887417218543048,-0.23467682837452486,0.6911835989131815,1.7122890060744396,-200.10433645792594,-112.47119687900468,1016.4436712862081,-0.9770044556189021,59.901419726263214,-0.24793634340249948,9.08249975898593,0.15566987306853602,150.05685670444876,0.6285071761606975,15.757615090877785,0.8886560830271489,15.433526443278645,-2.127406688330724,2.0185020502361932,1.1190806577188355,0.5805014963136267,0.06027497748483438,1.7122890060744396,-0.019595720396559768,0.7061616008988123,215.5378629012046,0.15566987306853602
2021-05-01,-369.54402878999826,-3994.620985829999,3.3526472419293394,0.38796349609182323,10.300560310060082,2.0029360863809353,0.7846937641156349,1.9886141331989655,30.56716133638211,-354.6116461216308,1029.1848567661925,0.32545514578496443,48.60488754120289,6.548330229341048,8.533330750373958,0.6916192743187976,146.78431218741503,6.598652833471741,15.770212920625367,1.1644820400519262,8.811801261036223,-0.1459012563025497,1.3959034751608108,1.0203050139877583,0.5622558892193015,0.06776491222668897,1.9886141331989655,0.022376129147554602,0.9314614331765244,-21.755360075345887,0.6916192743187976
2021-06-01,442.65970418001234,-1177.0842333799956,3.286048531908826,0.024846333582889023,12.683622990524457,3.6242262869977004,1.1219885500827531,2.453606716093567,-295.29416616820833,94.95665691049507,1021.9330981564115,1.1234841548133623,23.4148272577011,-1.9330407684014173,7.336798735270196,0.5183395485909194,68.5075059509284,-0.9016686483443226,11.005902079803636,1.0448849980377337,5.2313433970572865,-2.08890990872046,1.5981140799034244,0.6799529494047138,0.5854777100679098,0.06825339907999854,2.453606716093567,0.01621290200616765,1.3710400828653997,300.5255095652656,0.5183395485909194
2021-07-01,-3376.300518010001,-932.9509942500008,3.0577949869088763,-0.2870567237385604,12.042474261450709,0.7605657815421774,1.1188481992585189,2.2684641591617414,117.75758175278722,93.87994242906188,1011.9827098838726,2.354149268509523,13.31924350774969,1.4096621386857189,6.8409105950216125,0.6344813164283654,38.0619424829562,4.360537890413219,8.453391050188996,1.2085991580494886,2.61703732134968,-0.1996146309994451,1.4872247491981587,0.5897651720067045,0.5834397239066931,0.07216611781956557,2.2684641591617414,-0.02863660505455523,1.3552850419198834,-115.14054443143753,0.6344813164283654
2021-08-01,-242.93541942999582,3465.4425853499997,3.4100523427680614,0.6294594693776417,14.654106957945178,3.7091020720671164,1.3725810480772107,2.5277288404742184,-993.4547876062013,-2.243461670490021,1008.7435528974588,1.9787161752481972,12.011908951003946,0.5973087344824934,6.841491027029749,0.6772012715309276,52.64154531989615,9.122714291905432,8.502462233872663,1.5612816178154396,-1.580639231151837,-2.6581069787919964,1.6404529139366013,0.1520184110754897,0.6519601718485448,0.07508281016310114,2.5277288404742184,0.02948536290524939,1.557972299083488,991.8741483750495,0.6772012715309276
2021-09-01,3670.4596458200103,1599.4855520400015,3.307862792684831,1.0046198089393084,15.54380626022911,0.5209447934653166,1.3174993339496095,2.237572872608618,193.6639929841422,-59.34529792517238,1003.0029337918254,0.31376619983798004,10.029364035262622,1.6216586425087387,6.80634403596195,0.7980051174253069,31.883543823857117,2.4950085603496763,7.127484575732825,1.5423055498199352,-3.2373996264904226,-1.6171639857081144,1.6941264262222862,-0.15726171800063732,0.6804448843804647,0.07533704323843901,2.237572872608618,-0.031881572786018,1.6637910314568176,-196.90139261063263,0.7980051174253069
2021-10-01,2030.715770719995,-1525.3987004600058,3.3841513547685316,0.4995699281557038,11.665223409836356,-2.250219942565901,1.655945760413894,1.64180278853563,3379.260064619551,45.762299737386684,999.6302410399112,0.7663930127566813,4.765343967972191,0.04232245824555836,6.68815533967927,0.7938514961749956,23.542801783611147,0.9852335960022662,6.941033098478326,1.4560444627666553,-3.814380019914676,-0.12556336335565188,1.679283227095596,-0.2564552481997114,0.6526071734252538,0.0776370459320347,1.64180278853563,-0.027711647360312175,2.242686390859754,-3383.0744446394656,0.7938514961749956
2021-11-01,6494.750318759994,3719.237116389995,3.6108267968003203,1.51928638070987,11.415202671488922,0.11320501849891862,1.6645720046684644,1.5070672724088987,-31.182011123396435,-38.63199987599097,505.0917300898046,0.11078809199947025,3.75236017899343,-0.9952908048589171,6.702236846005924,0.6992377955325102,43.65150494667147,7.82631764213142,6.461166136917922,1.6811514859775627,-6.311621948391554,-0.2670583471139576,1.4501527158448344,-0.37867394665852955,0.6878000033022471,0.07973264696525396,1.5070672724088987,0.023634249610648195,2.2726593524607646,24.87038917500488,0.6992377955325102
2021-12-01,3788.578927450013,277.3028738100111,3.451024475227355,1.4817816999330455,12.056734818944715,0.4324324615397668,1.639371620399702,1.4441542047219127,1506.3846929730041,118.55699454226487,504.9311733977662,1.1957428593461787,2.0288512932224556,10.409177130004622,6.420603318283661,1.5525162251443556,30.40196381399425,5.176949950594012,5.172900919264458,1.7730899007167853,-7.737446536165516,1.120035497416838,1.1802522453819473,-0.2525439957712028,0.6855448937541141,0.08356411069476616,1.4441542047219127,0.0031922744304084816,1.9011006936968173,-1514.1221395091695,1.5525162251443556
2022-01-01,649.3623330599949,-1372.2439356000104,3.4496717970161406,0.9836267677200504,7.303220771696539,-3.6584689103729806,2.1169847360747007,0.7663455779002377,-94.98345477053076,-95.23935602956004,247.52920261626736,-0.8248647277091711,3.0585602735513806,-14.894482615466597,6.228459211816742,0.16036063126154276,22.07879927338201,-16.09331121604136,6.536881618234383,0.8353224769515063,-9.504370887486946,-1.3574445217950148,1.1274129023678574,-0.5630829375587353,0.6578482522271668,0.07136344104079477,0.7663455779002377,-0.040909013719127474,2.548041191111016,85.47908388304381,0.16036063126154276
2022-02-01,822.3409763700038,-272.07973451,3.4460365201519787,0.8479575808831916,3.992154227047351,-2.532231404958818,2.3034632142067952,0.2828522251174248,-348.63651228082017,735.7194553109711,345.2317225623939,-0.1015411638432188,4.832066170427396,-1.6129177357207203,6.156360375136165,0.030077397047206536,28.431354659676565,4.304335522667269,6.509937962063916,0.9471368980531194,-10.376945830170403,-0.845889202590433,1.0878015217568724,-0.7970950812280881,0.6443787159083595,0.0746986892293756,0.2828522251174248,0.011262375054141627,1.803762753219688,338.25956645064974,0.030077397047206536
2022-03-01,-4597.911312659999,-1527.3474227699917,3.1070668205750773,0.2176247189578364,0.8260296057453154,-1.3722008891091542,2.309038307264111,0.002892098086752274,76.61882690598911,376.04163626060466,272.2814890541049,2.5539886265002454,3.8881325483057116,4.998266132528428,6.08636528412215,0.3628843022040551,22.437307164396824,-1.549407967143046,6.5937451270901155,0.8054788528056454,-10.061899965466893,-0.17754110963016378,1.1033652916553858,-1.0109835002350296,0.6240137123069787,0.07503250495665706,0.002892098086752274,0.011600305158496638,1.5892421684672018,-86.680726871456,0.3628843022040551
2022-04-01,-1094.98453057,645.2733486399957,2.961587322791621,0.4446430973770347,1.0889954481141828,0.025522570030966918,2.3069025433118213,-0.06205696858003801,-1018.7855709206448,-35.12381468460808,268.5400045445701,1.228711902235139,4.042862149569371,-0.09936694807107793,6.084866986232822,0.27870841546544906,13.524326540245202,-6.696873914540302,7.046971377304372,0.4262708276488281,-9.604461631253047,-1.6296123605376134,1.0604908460748705,-1.5241029582238363,0.6399487363733278,0.06941303501788401,-0.06205696858003801,0.01397723459140121,1.6572617869926347,1009.1811092893918,0.27870841546544906
2022-05-01,3039.878655120003,140.2421998600039,2.4880706744513925,0.45825456992131275,-0.4240615494394806,0.47619961489495655,2.2342508694267837,-0.046345467988951776,44.06832820091542,-60.076131626152176,237.54361629550908,-0.09727013074159588,2.5413015962101326,5.010610424318029,5.961020433030217,0.8702540621780989,-2.689899961693354,-8.626407332207286,7.369908848160804,-0.15522326475147621,-10.630434313478654,-1.279226853649873,1.0441019369169564,-1.7259386006014914,0.6525305138342152,0.06330831401518942,-0.046345467988951776,0.004506770448639896,1.718753099785982,-54.69876251439407,0.8702540621780989
2022-06-01,1442.5676800199872,-2774.395208480011,2.695811010894433,-0.7560636790127309,-4.1727302064747835,-0.2768455505975598,1.918473595319066,-0.17015860012375505,129.1114288571459,210.03898488836685,239.72899648309664,1.5978331223835303,3.722006368930053,-0.8038555034548867,5.930028810833125,0.7180892862659195,18.198773966521454,20.37086862805395,9.402562555288208,0.9884730108429038,-9.340275437011346,-0.6754436910491601,0.9788159124557874,-1.7291715333714206,0.6312671811065511,0.07908773355992048,-0.17015860012375505,-0.007530451654925163,1.6130190805811362,-138.45170429415725,0.7180892862659195
2022-07-01,3130.7619036999968,755.2432294300088,2.6618856296543902,-0.42462331350372207,-0.9610484504937733,4.1375885386359945,2.3033056262240907,0.6217074223107106,-6.61492763670386,-20.975166783064946,242.59549486413934,0.9641487608600415,1.9931670832450843,-0.2806349736724445,5.925846270984518,0.6064296214983781,0.35409421400880436,-11.394958676597344,10.088489220522876,0.014614709620630096,-8.036987268843554,1.235076044016159,1.135195686966259,-1.3589838438385473,0.6560537806840177,0.06936139747659298,0.6217074223107106,0.04414434089233554,2.2664450282642203,-1.4220596321396934,0.6064296214983781
2022-08-01,-460.1382272000046,-125.45754555000167,2.2554907635239574,-0.46413805530487895,-5.19787373796251,-0.7275093755002682,1.976908177367764,0.39905834263207546,-32.326306174929485,-29.158420324679348,243.72705670521614,0.29432355188692366,2.0088651285798953,0.6127919394680381,5.925910800852894,0.6570512014439225,1.7706051751037455,10.662995454418667,10.21723921206464,0.7737838452246895,-7.285548693249277,-1.862717057722929,1.0279807338911908,-1.5636132341088564,0.662518962022759,0.07688759456392875,0.39905834263207546,-0.04865097914136263,1.948464098944434,25.04075748168021,0.6570512014439225
2022-09-01,-1823.4680987500033,236.15568049000285,2.154474906298881,-0.40680187321977324,-5.107094046887717,0.617200654749217,1.9812899777573414,0.47942819653212027,30.501615335202303,-21.601674271681038,241.7810447292483,-0.07882631928908249,2.1647819307577754,1.7769836138000095,5.9291477714964795,0.9285546166230871,0.37681053639024853,1.091292888417561,10.201866412431286,0.8057849518710813,-6.146180228421072,-0.40813670619396225,0.9798654769904593,-1.4835590434461192,0.6714769333312809,0.0774792863911431,0.47942819653212027,0.013447100302494852,1.7504533111582923,-36.647795563623376,0.9285546166230871
2022-10-01,-671.2274238300015,-373.158025540004,2.0811350007406584,-0.6107943672617128,-0.9049878403932565,2.0783961255917305,2.0111886649565913,0.9127240566063339,-40.43632788529212,-33.471031711425134,244.427807722083,-0.5426747652856055,2.6161441594557022,0.484307697928954,5.92845604036677,0.9510973033070246,-3.155094708402284,-2.568079906173759,10.238155600735697,0.5002363299581706,-5.836133133450804,0.20437290366415173,0.9965124442540382,-1.3197328084818127,0.6805948738275266,0.07587111407508437,0.9127240566063339,0.014611954708425134,1.7903864503814162,34.600194751841315,0.9510973033070246
2022-11-01,-4783.12792187999,-392.6633816599933,1.3431022387780713,-0.8555078336573502,-3.539802041191209,-2.548681675104625,2.133744324591086,0.1961062487296699,44.51797480168524,48.89577456661564,241.45750212743658,-0.1267994324334812,2.223099667824746,-1.3745026327191323,5.937479215235957,0.6247116467697458,-12.848599470469068,-2.9663504945455665,9.978900239510853,0.14566625111844633,-5.836507330542073,-0.26745467511015697,0.9965041985461495,-1.24878988189681,0.6614902800167061,0.0740141659139583,0.1961062487296699,-0.04627077800696355,2.3293247253672966,-50.35448213222732,0.6247116467697458
2022-12-01,-6612.12486666,-1551.6940709699993,1.3859053855795074,-1.4578142479041543,-5.147471949647231,-1.2414413529262647,2.1377136448265888,-0.2082353198518979,1.4165051728687095,53.373907972198964,241.72205858181326,0.48846032672074957,1.321501358284527,9.435378372369495,5.792413271749067,2.3138035932236245,-9.44431037482637,9.285349146180554,10.264895989577344,0.9890580203946813,-5.877285808763066,1.0762444160928863,0.9901105212171503,-0.9913766619147986,0.6326653704241395,0.08263268086076163,-0.2082353198518979,0.013072403221783602,2.4286992378358248,-7.293790981631775,2.3138035932236245
2023-01-01,-3841.2630002799997,1398.6179307799903,1.5389556915306337,-0.7666370280513142,-1.4527089072546184,0.09429483598188959,1.8795615525268337,-0.2622571692348013,507.6165124812971,-71.47756293166282,240.1226292586997,-0.8775507324534906,-0.527098554745431,-16.44722364206366,6.16720754451007,-1.0739507009918245,-11.74477667795174,-18.224867068062235,10.575857128912931,-1.035867258324133,-3.4875239970850958,1.1470753925923116,1.0545714908453987,-0.7292929282499038,0.638261827236961,0.06628332536382438,-0.2622571692348013,0.013357361889081543,1.5986412180204908,-511.10403647838217,-1.0739507009918245
2023-02-01,-2966.6453385299974,602.5379272400023,1.5800279947735079,-0.4578582833515801,1.320961274664989,0.21105499543423445,1.717450805610704,-0.28182574635891516,-5.436857875355772,30.062722137318755,130.69058155691556,-0.7984434220973352,-0.29098804776137577,-1.3793845469166732,6.161533381897836,-1.4254561484467583,-12.467222168377635,3.4505141397078942,10.543227261190546,-0.8122996192119654,-3.690860183449751,-1.0547908864651179,1.0662369556398594,-0.8785096668676926,0.6517424122275594,0.0680112399698333,-0.28182574635891516,0.0011676015945234486,1.5929380302692604,1.7459976919060205,-1.4254561484467583
2023-03-01,-2589.4124487900117,-1150.114533030006,1.543062070761523,-0.9335430609074482,1.0919620429806987,-1.5951132059186968,1.7361940210783071,-0.8415800963123178,-15.45689064531297,325.59964916051445,119.09891454346383,1.6045073569970116,0.9015759413753655,6.2540919466627765,6.261021874236179,-0.3351817984077681,8.323093765382383,21.834048641146776,12.356238443174023,1.286294013495846,-3.557110721434531,-0.03891252049464944,1.0685237017379707,-0.8462285088427397,0.6316087162998593,0.08417108630124497,-0.8415800963123178,-0.018061682013529312,1.6403058610170902,11.89977992387844,-0.3351817984077681
2023-04-01,-1377.774650139996,1856.9111472900113,1.7237841133874474,0.042991548601637106,0.6918740568730541,-0.37034480731199526,1.7415778482478308,-1.0174583253048268,-42.171137796552394,-55.623633794335525,120.30591237614424,-0.23078432794276244,0.7564780348493283,-0.24302548443410066,6.261920784219995,-0.43690219555959364,6.332258515275746,-8.411662016497568,12.46719603814219,0.16041877551327427,-2.3448880027145513,-0.3931622745036334,0.9845628576429132,-0.8882327507824409,0.6478820817876239,0.07517176211462208,-1.0174583253048268,0.012247683986067015,1.0789898377801068,39.826249793837846,-0.43690219555959364
2023-05-01,134.57730333998916,1652.5941533399891,1.8532502872677683,0.823747090207391,-1.832071226380616,-2.0423395668669353,1.8374545880125561,-1.6006441547192274,-17.22895846395177,-42.85655913779206,119.21468890194609,-0.888452436770639,-1.118688014860758,3.0562712555858074,6.151396467182977,0.17971187872203934,3.4378017939125316,-11.113676136099027,12.66468294863195,-1.2211481494205845,-0.9106338551485238,0.17067858847397144,0.9264032146388712,-0.813141224419645,0.6476056790905297,0.06536914198515459,-1.6006441547192274,-0.0167199475955494,0.9352680301214243,16.318324608803245,0.17971187872203934
2023-06-01,-392.12763943999016,-3301.1001512599905,1.982665259345428,-0.9194901069062973,-2.564493582412042,-1.0208713097754951,1.8550110418876609,-1.7070044993679578,-112.83103209553116,-148.06173864848608,115.56076704746849,-1.9182292651228672,-0.6546145818509097,-0.33830448685054915,6.146706436471872,0.08250795564736044,-3.4629278146017684,12.34046965651392,11.725491288821264,0.07984784215233033,0.37752063864084917,0.6157682576273249,0.924960911426624,-0.5829219395201729,0.6094885576327304,0.07675942104627075,-1.7070044993679578,0.010214682570914402,0.9197843000079473,113.208552734172,0.08250795564736044
2023-07-01,-815.6257931400032,331.74507572999573,1.961650532691682,-0.8609520028763055,-7.710661370487615,-1.3625573873122132,1.2742379082557833,-1.8443603790963998,-58.43660512876856,-355.98411126822987,155.43696912244073,-0.5043394400892964,-0.9923973888557036,-0.61968934332991,6.149542848330372,-0.0577887087063155,0.4094880002460499,-7.8407224072702615,11.443843457546116,-0.9448197687488318,1.004651629439679,1.867564803841515,1.013339570890896,0.1511991049178828,0.592846330969018,0.07042065366037363,-1.8443603790963998,-0.003416860775367181,0.8282782808974438,59.44125675820824,-0.0577887087063155
2023-08-01,-2112.019546170006,-1421.8512985800044,2.034709613028533,-1.5264384400275635,-4.580896114334532,2.63907225421125,1.5894125019346141,-1.0733321374470197,-43.5695661003383,-3.8187065421165123,155.54779729447415,-0.48651870390562574,0.05664732609811374,1.6788445945897568,6.165281050573988,0.27869829131389334,-3.4047333152110504,6.459277613595282,11.169802901597144,-0.160257647705985,2.9877606408790447,0.06409450017448304,0.8079800028234413,0.28102862449703125,0.5963023346811326,0.0764528433261001,-1.0733321374470197,0.04001629641523463,1.6952694327544968,46.557326741217345,0.27869829131389334
2023-09-01,-2967.171893620005,-618.9966669599962,2.03470434328881,-1.6603593352071935,-4.311201037129497,0.9015877700511155,1.6076235033713593,-0.7665118963826478,-96.86108758209892,-95.63913545997474,156.95302698241386,-1.3244168717817328,-0.9380652985650051,0.7651682751266264,6.148504726275148,0.43075865921532014,1.6006120113255307,6.329611988086858,11.306006917584769,0.6334215824328943,3.465649112086888,0.05399396834488979,0.7845038360097841,0.38017311165026973,0.596173286017355,0.08199841155455688,-0.7665118963826478,-0.017374844841601345,1.7159205221716811,100.32673669418581,0.43075865921532014
2023-10-01,-2679.935397950001,-85.92152987000009,2.034579795320369,-1.542228083141084,-3.3755928463480633,3.0764793344111308,1.7632381804030035,0.2854107503178362,-192.74996850484914,-2065.827296816241,608.6555494880226,-1.8974246232973273,-0.7357272512976576,0.6895510001306393,6.149938070933893,0.5593229417461528,6.09876979316788,1.7455176292528352,11.260634779175549,0.8446554438209041,3.0430723188008324,-0.2048841100235399,0.7972209984821704,0.36816127926189474,0.6150333171022511,0.08353046205913274,0.2854107503178362,0.021748915643600153,2.1684938793495654,195.79304082364996,0.5593229417461528
2023-11-01,-1683.76145902001,603.5105572699977,2.058442103823988,-1.182543163173024,-2.9770275166259963,-2.1467054253746065,1.7193161671958632,-0.3959451338135115,-131.5008404524985,-49.430257343657004,605.6776333550226,-1.419340022989211,0.6047192723648065,-0.04268201458861309,6.1324471192273835,0.5220605091619747,9.826236539932221,0.4426400390285634,11.192233015128213,0.9620614339427619,4.717562321977353,1.3532379768053326,0.8373051907036028,1.1127407532410116,0.5988317660553198,0.08319450458579995,-0.3959451338135115,-0.05223184759785737,2.1919599085730526,136.21840277447583,0.5220605091619747
2023-12-01,-850.35484154,-718.2874534899893,1.9869855299801433,-1.504132141038828,-2.493769270761459,-0.7495383881508499,1.698962632773124,-0.6249272669690895,-48.889582126679635,-348.8506469896909,601.0924717004657,-0.1480869345571947,-1.0879915897409442,7.594088470570171,5.8999175595477755,2.1374492312604305,9.531734498920397,8.992297509429449,11.173667829348915,2.265446971840494,6.95466348968703,3.235555417963809,1.1661082310529323,2.6797179199854804,0.5699523207094304,0.09159251574499779,-0.6249272669690895,0.013971670372237566,2.160650030262113,55.84424561636666,2.1374492312604305
2024-01-01,45.48209269999643,2294.4548650199868,2.135150338003232,-0.1612944279306552,-2.4258123831354728,0.16405547276683308,1.700169203752433,-0.49818482716513357,-91.51617471508071,-95.26555675229196,600.5245649893833,-0.9938204991672199,1.8309746197633592,-13.98151968135235,5.28261906123477,-1.0965006261590526,11.14337583898064,-17.02163418377579,10.98602281726279,-0.37560794864232544,6.386912419312907,0.6101529392306348,1.1520865193846983,2.6077599629228754,0.5857537390036932,0.0736238311687964,-0.49818482716513357,0.00913593860917683,1.9961903753551065,97.90308713439362,-1.0965006261590526
2024-02-01,58.51167792000342,615.5675124600093,2.13574104313481,0.3098822891650559,-0.3531871302888123,2.3396913517367723,1.8503717177908705,0.4847349757608528,89.29310358331328,2801.990023018418,1066.8249068911057,0.1644033935739288,3.1624100080752005,-0.0899244595353288,5.25872138931198,-1.1783888118651247,9.250698887772902,1.688840065793884,10.968381307062838,-0.13340296325525583,7.773417062257204,0.2347285545380995,1.0468451720788905,2.347414118609956,0.603075297960156,0.07424395866052147,0.4847349757608528,0.021756358789699393,1.9393859109636962,-81.51968652105607,-1.1783888118651247
2024-03-01,1093.5217626100057,-115.10444834000373,2.078799653376142,0.2843012955134482,-1.8535269048832625,-3.076753826624412,2.00817836749715,-0.8358095163746754,-19.47380819491613,81.05212673736919,1062.1328366155271,1.305246733367972,-0.4096901209591608,2.5749392831742712,4.98616555502749,-0.6515890212207255,-7.0048018198139435,3.7062610475061764,8.942489040888209,0.3499443417671289,7.6823309520832606,-0.12339593834904683,1.0520293715919442,2.0393040353385246,0.5843312953247085,0.07711567676902886,-0.8358095163746754,-0.054164451783611844,2.432145120264931,27.156139146999394,-0.6515890212207255
2024-04-01,-79.64788864000002,683.7414960400056,1.9569110755998413,0.8406444929162983,-1.39292185662111,0.09722086969299326,2.007782689212019,-0.776144651246159,-109.28924495796785,-105.11911623769198,1062.3310073325906,-1.1322910265919914,5.529869813713439,5.706474318874655,5.239712509899041,0.5123539979347603,-6.902337523652546,-8.310747831983555,8.934132493186306,-0.7749317069371933,7.627578364473453,-0.44380876460911045,1.0565714508826656,1.6785611733537562,0.5929478618756823,0.0700579605846123,-0.776144651246159,0.031739746963174054,1.910601483613578,116.9168233224413,0.5123539979347603
2024-05-01,-2323.909339179998,-591.6672972000088,1.8375999787920112,0.5250464657752314,1.1460046949222535,0.47986583343018197,1.915686654126258,-0.5611722490779796,-128.53647224919928,75.54410738081015,1062.8077327900628,-1.1431722024897026,5.706913108378053,3.2291646916446926,5.247364404223671,1.1667469128163186,25.369215010269052,19.69804989246613,9.89329621934912,1.5589846361803676,10.223286211390592,2.5865446740472864,1.1855707704626606,2.1830660993368385,0.5761596346681983,0.08452922530270437,-0.5611722490779796,0.003826449637371887,1.7706720041302386,138.75975846058986,1.1667469128163186
2024-06-01,-1527.4108047000045,-2504.601616779997,1.6586056622579306,-1.3449483060810925,3.658784377471247,1.4380764689268632,1.915027346702227,0.01905197579939479,-179.68981491628108,-234.2152955700401,1063.9991556657371,-0.5882105435808349,0.3705853220387967,-5.369455802897727,5.5226752547540805,-0.050844581388458834,10.743434080606473,-0.7653561923357532,9.401634484536249,1.3503581983885036,10.283862439347825,0.6710644107684738,1.1848086510351474,2.060552984569589,0.5608788697401272,0.08682410163983587,0.01905197579939479,0.009582106354966813,1.8400345235267945,189.9736773556289,-0.050844581388458834
2024-07-01,1003.2720663299988,2862.427946759999,2.050039341713899,0.8269054567364131,4.528920112181711,-0.5345719530511661,1.8632386926349436,-0.148918154505693,-39.58345359913737,94.073432753837,1059.5004451794234,-0.2392307024835135,4.8586819728823505,3.8241269200395944,5.612586831886792,0.7283562748574656,33.419875025756205,11.030323386361784,9.318822868037717,2.441342697262515,8.345287689898328,0.07693211698542868,1.1539812888320484,1.8295471626891973,0.5797951439554205,0.09268609411030194,-0.148918154505693,-0.019726484219780294,1.8677250753017232,47.9287412890357,0.7283562748574656
2024-08-01,8918.560996400003,6493.43763149,3.1122436148158044,3.5929465670336973,1.2169897749002123,-0.6129794920837428,1.7379883899576196,-0.3629133397385253,-24.449376227207352,20.274281614901568,1059.5059911767778,-0.07237026125262443,3.970281009480936,0.8173843721664298,5.60231084256827,0.8580963441783293,25.935807035157744,0.4875401064484919,9.266869777022226,2.140490571882513,8.770111566036798,0.456447664711912,1.1405422371639728,1.737545695758986,0.6237694777170135,0.08565034252986932,-0.3629133397385253,-0.0007840753903257669,1.5246197810369737,33.21948779324415,0.8580963441783293
2024-09-01,9131.094081710005,-406.463581649994,3.094191793014901,2.686636078436591,1.0335405947167864,0.7187102353922725,1.7312499404543726,0.024549644336183042,-1548.3069273958934,-183.59785806332658,1060.5809327358877,-1.3395556523759038,3.4905323567961277,0.3002089305121469,5.60174027390501,0.8879932228056424,17.883879902998512,-0.46875860940192027,9.208099542130743,1.8360038606597389,9.141123828004671,0.39527576061904046,1.1269011344404092,1.653179000004463,0.6226299251393344,0.08568001495042649,0.024549644336183042,0.013316897274760153,0.7831270119919661,1557.4480512238981,0.8879932228056424
2024-10-01,12161.291075319998,2944.275463739992,3.155973861324563,2.9150716368303087,-2.3623443725835247,-0.388071789834743,1.456780107812301,-0.05077922020436581,-71.12598504654483,-60.80849598210418,840.8507493128429,-0.9012746379184468,3.831103417737247,1.020904472075057,5.603910861855876,1.0587158002531378,9.687733134602494,-5.328572536442245,9.433408981299037,1.1244886770646314,10.380962490030798,0.928784287571105,1.0875650645020334,1.6907033419480413,0.6370195206982641,0.07824777787670921,-0.05077922020436581,-0.011067820252270155,0.8276407483369691,81.50694753657562,1.0587158002531378
2024-11-01,11476.485736610004,-81.29478143999586,3.181838400625398,2.381089132028272,0.4510788042962899,0.6729313748047083,1.3346258271550056,0.4346770487855531,-157.74104708111406,-201.127255641679,845.5163333709978,-0.3823563856562858,4.382006829621354,0.4876680029721303,5.6016311916797275,1.0900624645635475,31.760095536694188,20.65462079756699,10.969318546884633,2.638761253569324,9.276504384808915,0.33911015395657884,1.0827533467263923,1.6067062994250665,0.6385151548546312,0.09450177653542226,0.4346770487855531,0.010610031646394513,0.8450375299705891,167.01755146592296,1.0900624645635475
2024-12-01,7953.6423878299975,-4241.130802269996,3.6368111052627494,1.1194150387685444,0.03242176487172621,-1.163191530700869,1.3620926055466007,-0.2416717433864736,-73.95915818888416,12.230045356623576,832.32944322773,-0.2923765752677461,5.066222155649536,8.299358723150752,5.685788021710277,2.5705418875471877,8.678954511291614,-10.100483041850428,11.37666284533857,1.42020228142082,7.335355378610275,1.401715683319038,0.7892710462085365,1.7340905494040968,0.5906497172941515,0.08951832557021402,-0.2416717433864736,-0.018361229055055772,0.7549467146476428,81.29451356749443,2.5705418875471877
2025-01-01,8268.416664020013,2609.229141210002,3.641049185004936,1.6276177905098808,0.2123230111032992,0.34419345292604486,1.3649194823483992,0.04428609882745187,-585.7442283606262,-188.31237095774134,835.592062601435,-0.7789439184398483,4.412620885995433,-14.516627795039872,5.810992308493013,-0.5267375707571651,32.47304368976085,1.1455872897225161,9.823670615960939,1.406554128303012,6.1215157335471115,-0.527632386981125,0.8529844955198007,1.462681897837118,0.6155088796144355,0.0876484741334446,0.04428609882745187,0.015073849836269138,0.7663705908929771,591.8657440941732,-0.5267375707571651
2025-02-01,9717.839969499997,2064.9908179399936,3.668839668872482,1.8807891238241812,-3.386439560302734,-1.3354679474351205,1.2011293850612674,-0.8039329114578952,-66.27651077684165,-301.47481648370217,138.13059508300017,-0.023833973352800315,2.9293300600906846,-1.5092519048872877,5.838994229906368,-0.9145306491605559,18.429011857640564,-9.091627167977256,10.408687250604947,0.49592920428409853,5.407739202902562,-0.4394532671519902,0.8932707551936104,1.2567688498488285,0.6254063121186424,0.07771307510846089,-0.8039329114578952,-0.016796614003611654,0.9115019160435732,71.68424997974421,-0.9145306491605559
2025-03-01,7188.175003800003,-2644.769414039998,3.8596170166949286,1.1597181945461834,-1.5354248649510738,-1.2198058767547537,0.8864582300417562,-1.50969399646854,-19.73734582618669,330.9080872265068,178.0952173882894,1.9019496859203775,4.794638967346065,4.433825839556049,5.925796607018591,-0.07635749851438414,26.1493128823729,10.466796670303125,10.69506458854798,1.3063625589641272,5.058310956393952,-0.454488388376062,0.917165251567394,1.0707381100212308,0.6009791603582965,0.08864962334622546,-1.50969399646854,0.0011566207068036682,0.8666690592053031,24.795656782580643,-0.07635749851438414
2025-04-01,9957.773402589999,3453.339894830002,3.984193827435708,1.726551320304139,-0.3624700848946061,1.2896244679255542,0.9759749917595819,-0.5858271114740953,-715.5534955872665,-60.74027295926482,177.57395681534643,0.46158287243721074,1.3877986358598937,2.269990510566844,5.7344385185054625,0.34917885410406097,18.215695157546776,-14.077148453241895,11.333085765107096,-0.04357719433935854,4.9244661446841365,-0.5706438483749077,0.9286322093871613,0.8746531912884287,0.6383193753675668,0.07305623649524746,-0.5858271114740953,0.02509430344680308,1.14251438070093,720.4779617319507,0.34917885410406097
2025-05-01,12037.39007301,1487.9493732199917,3.9404957705075425,1.8060058017703517,-1.8985485680171776,-1.0691986608952098,1.0050117389844746,-1.266777110389446,-37.73913576340963,-117.75561005748621,173.05816913743465,-0.6440729228913616,2.3076175952895017,4.165689047898669,5.784469030018822,1.159833994636879,8.470863895554892,9.831024223522178,10.234717974425173,0.6941481808567387,4.587783768837528,2.257364237302184,0.8607196953742652,1.316873198119515,0.6284323907438033,0.07884946076021726,-1.266777110389446,-0.02358823128820764,1.0854870672068822,42.32691953224715,1.159833994636879
2025-06-01,13847.929210219998,-694.0624795699987,3.723706666630399,1.5055458149272103,-4.775281642945972,-1.5365000065052037,0.9411774734825721,-2.109795347852525,5.6987070401167905,-327.85393972130396,182.7673363879717,-0.11316005712278118,4.8966304519235,-2.9747201877479035,5.607746971143113,0.45432057491351224,16.382011109920725,6.472162231814638,10.324529568237194,1.1952714068635069,4.066291058173799,0.1691011376867113,0.8573664537448176,1.2813478177021538,0.6127440622805802,0.08463611964762624,-2.109795347852525,-0.004673013456099939,1.1387317128312733,-1.6324159819429918,0.45432057491351224
2025-07-01,13202.1898964,2216.6886329400004,3.6608725046085455,1.708688044234159,-5.530761874402302,-1.3236965196479544,0.9780622359768487,-2.672300866498152,-2.0475566738074713,79.85051525488225,181.56374580636196,0.23242438558940362,3.5771184944527246,2.518106160795619,5.550843672363995,0.9204143834479469,9.401519614644084,4.37082145195804,9.952740138332077,1.5073890515996533,6.392114140608074,2.3135952705399143,1.0230318881475542,1.7227539794670583,0.6063246352271038,0.08609704952983598,-2.672300866498152,0.0021280348685724926,1.0670184164554826,8.439670814415546,0.9204143834479469
2025-08-01,6981.552369049998,272.80010413999844,2.8498309921864307,1.5845403253554233,-5.2955837838198905,-0.36555874247792275,0.9773500424246955,-2.3986670761839015,-202.1407775117681,-225.4170720163181,182.68388792267703,-1.2954464513382589,3.2690513353982764,0.5175254299764509,5.549678488214961,0.9559799533842632,14.386264524488436,5.066130566734484,10.010670823878598,1.8216294600570595,6.542029180977749,0.5979988739222675,1.023017975429611,1.7327709495919197,0.6023897461770286,0.09017762607608289,-2.3986670761839015,0.009581377771700317,1.05504375177352,208.68280669274586,0.9559799533842632
2025-09-01,4783.42233496999,-2604.593615730002,3.0299872407035555,1.0500531580864714,-7.043020480609485,-1.1396990907038829,0.9213015569113794,-2.417216270824257,-104.69429509617902,-103.84207977183775,180.95446487124872,-0.36632736010939887,4.45219309609548,1.4493370018733076,5.557375287341363,1.1692519692759378,28.985764269604264,12.234745079207542,10.437118800566004,2.5298582246021897,7.11644595764378,0.9365525800885788,1.028253886999374,1.8325344219837962,0.5724869027323771,0.10430655419178082,-2.417216270824257,-0.007741403482259601,1.047695126058548,111.8107410538228,1.1692519692759378
2025-10-01,6651.686806440004,4812.539935210007,3.262641837722726,1.7039986158180462,-9.044672374332464,-2.5330253562066196,1.071647886265826,-2.7730670136361315,7.0071275911048225,-993.3759350458905,314.76439073857557,-0.7605952696625597,4.062735828458175,0.6442410027523326,5.555312115193026,1.2018600829071568,47.57447204452754,8.314944713078187,10.231610499945255,2.67333349097566,7.100585567259965,0.9138400845082106,1.0278011310388786,1.943712710142627,0.5841842567283331,0.10693563200472363,-2.7730670136361315,-0.013933262655027367,0.7105357702834206,0.0934579761551424,1.2018600829071568
2025-11-01,7670.399930910004,937.4183430300036,3.2541772670790405,1.6859639441693226,-10.74400942085555,-1.207961656237544,0.9725304242417729,-2.5609878793200784,17.661545580759054,-211.1962302605494,314.8545274042723,-0.13008646288942258,1.5706177280244704,-1.9188335588683603,5.598362123654091,0.7434467252777966,10.487026045414382,-9.667505186546787,9.39362289850963,1.5994678084849143,8.60031634895182,1.74415991450112,1.0769580649578587,2.1980064151837286,0.5731448159859232,0.09560142847689941,-2.5609878793200784,0.013250636999690757,0.7026438865858498,-9.061229231807234,0.7434467252777966
2025-12-01,11227.831449559992,-683.6992836200079,2.7416802811054586,1.4563341939551513,-9.857249552583935,-0.18124606474465565,0.9929883844464092,-2.204488590063196,131.0146789862833,120.3505637522083,322.1794498844217,0.329465088849877,3.8321700799265335,10.71073196187282,5.944869801747226,2.4803568722974125,33.52363522776134,8.643618523480967,8.879513126015558,1.978473888341174,10.314516100966586,3.0022892518130284,1.2565578123407883,2.518410558230374,0.5512526645803604,0.10465200118074992,-2.204488590063196,0.010267155914928883,0.836245979273145,-120.7001628853167,2.4803568722974125
2026-01-01,13476.245709859999,4857.643401510009,2.9484522066476395,1.9985750936733386,-10.432926422520183,-0.29663269134558856,0.9382679324674696,-1.9750084951711804,-202.62456387689696,-60.76864641570645,323.49814716870355,-0.1701493608025227,3.53927065882087,-14.757767224310392,6.0003281112633715,-0.5023816582213906,36.929609337172955,3.7256492465617574,8.866798119284242,2.00468716799543,12.079323593660106,1.0637228206938687,1.182191034533348,2.354452208410573,0.5731155319543787,0.10300463243805737,-1.9750084951711804,-0.001153866266009329,0.8908249305692679,214.70388747055705,-0.5023816582213906
2026-02-01,13634.000780329996,2222.7458884099906,2.94178059595264,2.057302480623937,-9.214511723503804,0.006702912042899634,0.9626115267364628,-1.7675394816342116,268.9264234925715,624.2845246905608,389.3254960578639,1.7340022867765719,3.676960847958055,-1.3782754198571223,5.996533509613789,-0.8502130476790984,38.24921679908222,-8.215532014271155,8.760944629122056,1.2665055002839039,14.549086962893742,1.7544481899368414,1.1135437698322501,2.333457620369523,0.5764406895292586,0.09238239285170553,-1.7675394816342116,0.003033356033884882,0.9509417581633777,-254.37733652967773,-0.8502130476790984
2026-03-01,13700.274959699993,-2578.495234670001,2.874155084681706,1.533797119454232,-5.634966302202216,2.6749596667455133,1.3755298679430685,-1.0820988250247119,193.60811708694592,242.93589201441304,381.6622431485259,4.118127362804885,-0.7247316523295466,0.0,5.865482652986024,-0.9171859891121377,25.150018798587894,0.0,8.476956232414503,1.1701959682181173,15.072076187428852,0.0,1.0607089867555313,2.044892929561105,0.5761748474055802,0.09489734922854617,-1.0820988250247119,0.026682567547026137,1.71801349127437,-178.53604089951708,-0.9171859891121377
